Activity ID,Activity Date,Activity Name,Activity Type,Activity Description,Elapsed Time,Moving Time,Distance_KM,Distance_m,Max Heart Rate,Commute,Activity Gear,Max Speed,Average Speed,Elevation Gain,Elevation Loss,Elevation Low,Elevation High,Max Grade,Average Grade
137671316,"5 May 2014, 10:26:58",Lunch Run,Run,,1792,1640,5.92,5922.200195,,FALSE,Nike Free 5 Flyknit,13,,13.27999973,,53.5,67.80000305,3.299999952,-0.141838998
138590402,"7 May 2014, 18:42:49",Evening Run,Run,,1017,941,3.15,3151.100098,,FALSE,Nike Free 5 Flyknit,9.199999809,,0,,58.29999924,66,6.199999809,-0.206276998
141143645,"14 May 2014, 19:03:30",Evening Run,Run,,1178,1138,5.72,5728.5,,FALSE,Nike Free 5 Flyknit,19.5,,10.42000008,7.519999981,58,69,5.5,0.050624073
143156108,"19 May 2014, 18:14:56",Evening Run,Run,,1773,1668,6.62,6621.200195,,FALSE,Nike Free 5 Flyknit,10.89999962,,0,33.00166702,53.5,69,9.5,-0.101190001
145476921,"25 May 2014, 16:44:16",Afternoon Run,Run,,1444,1317,5.1,5107.200195,,FALSE,Nike Free 5 Flyknit,12.60000038,,16.42670059,,50.29999924,68.90000153,3.299999952,-0.178179994
159558529,"29 Jun 2014, 13:03:24",Sunday Run,Run,,1946,1936,3.37,3376,,FALSE,Nike Free 5 Flyknit,2.599999905,,0,,58.09999847,66.69999695,4.900000095,-0.195498005
162498256,"1 Jul 2014, 18:52:29",Harrow Park Run,Run,,2013,1996,4.26,4264.899902,,FALSE,Nike Free 5 Flyknit,4.699999809,,0,,58.09999847,67,0,0.063307501
162498258,"4 Jul 2014, 18:23:57",Harrow Park Birthday Run,Run,,1782,1768,4.04,4040.800049,,FALSE,Nike Free 5 Flyknit,3.5,,0,,58.20000076,66.59999847,0,-0.071768001
162498260,"5 Jul 2014, 19:01:40",Harrow Park Run,Run,,1994,1760,4.61,4611,,FALSE,Nike Free 5 Flyknit,3.700000048,,0,,58.20000076,67,0,0.00867491
165279359,"13 Jul 2014, 10:11:35","07/13/2014 Harrow, England, United Kingdom",Run,,1408,1375,3.63,3632.699951,,FALSE,Nike Free 5 Flyknit,3.599999905,,22.12000084,,50.20000076,68.90000153,0,-0.189941004
165279361,"10 Jul 2014, 18:14:13","07/10/2014 Harrow, England, United Kingdom",Run,,1772,1772,5.03,5038.299805,,FALSE,Nike Free 5 Flyknit,3.700000048,,25.90329933,,50.40000153,69,0,0.023817601
165279366,"8 Jul 2014, 18:54:35","07/08/2014 Harrow, England, United Kingdom",Run,,1220,1209,2.68,2687.600098,,FALSE,Nike Free 5 Flyknit,3.5,,10.05000019,,58,68.80000305,0,-0.104181997
171634151,"19 Jul 2014, 17:30:07","07/19/2014 Harrow, England, United Kingdom",Run,,1121,1121,3.14,3145.600098,,FALSE,Nike Free 5 Flyknit,3.700000048,,15.27999973,,50.29999924,67.90000153,0,-0.228891
171634160,"15 Jul 2014, 18:30:06","07/15/2014 Harrow, England, United Kingdom",Run,,1572,1572,4.54,4545.299805,,FALSE,Nike Free 5 Flyknit,3.900000095,,0,,58.20000076,67.59999847,0,-0.151804999
171634163,"24 Jul 2014, 18:23:37","07/24/2014 Harrow, England, United Kingdom",Run,,1468,1468,4.01,4009.600098,,FALSE,Nike Free 5 Flyknit,4.400000095,,15.18000031,,50.20000076,68,0,-0.202014998
222058035,"20 Nov 2014, 19:40:19","11/20/2014 Harrow, England, United Kingdom",Run,,1431,1416,4,4008.399902,,FALSE,Nike Free 5 Flyknit,3.599999905,,28.28000069,,54.09999847,70.30000305,6,-0.00997904
222058036,"17 Nov 2014, 19:26:15","11/17/2014 Harrow, England, United Kingdom",Run,,1412,1412,4.01,4011.5,,FALSE,Nike Free 5 Flyknit,3.5,,0,,58.5,66,3.599999905,-0.0523495
222058038,"3 Nov 2014, 19:31:12","11/03/2014 Harrow, England, United Kingdom",Run,,1035,1031,2.85,2856,,FALSE,Nike Free 5 Flyknit,3.099999905,,0,,58.5,66,2.099999905,0.031512599
222058042,"6 Oct 2014, 17:59:18","10/06/2014 Harrow, England, United Kingdom",Run,,1728,1720,4.73,4734.200195,,FALSE,Nike Free 5 Flyknit,11.30000019,,11.57999992,,50.29999924,66,3.5,-0.057031799
222058046,"12 Oct 2014, 14:46:01","10/12/2014 Harrow, England, United Kingdom",Run,,1026,1026,3.21,3218.600098,,FALSE,Nike Free 5 Flyknit,3.700000048,,15.06000042,,50.40000153,68.09999847,5.400000095,-0.236128002
222058049,"1 Oct 2014, 17:32:34","10/01/2014 Harrow, England, United Kingdom",Run,,1634,1634,4.6,4602.100098,,FALSE,Nike Free 5 Flyknit,3.5,,0,,58.09999847,68,4.199999809,-0.176007003
222058052,"20 Oct 2014, 07:18:23","10/20/2014 Bucuresti, Romania",Run,,1428,1417,4.55,4551,,FALSE,Nike Free 5 Flyknit,15.89999962,,0,,77.80000305,86.19999695,4.699999809,0.0153812
236143229,"25 Nov 2014, 19:26:04","11/25/2014 Harrow, England, United Kingdom",Run,,1385,1385,4.01,4014,,FALSE,Nike Free 5 Flyknit,4.599999905,,0,,58.5,66,2,-0.0971599
236143242,"21 Dec 2014, 12:08:32","12/21/2014 Harrow, England, United Kingdom",Run,,1390,1390,4.01,4018.199951,,FALSE,Nike Free 5 Flyknit,3.599999905,,0,,58.09999847,68.09999847,4.199999809,-0.0273754
238124367,"5 Jan 2015, 20:30:10","01/05/2015 Harrow, England, United Kingdom",Run,,1028,1028,3,3003,,FALSE,Nike Free 5 Flyknit,3.299999952,,0,,58.5,66,2,-0.04995
260888344,"28 Feb 2015, 11:21:15",Lunch Run,Run,,1590,1590,4.6,4602.899902,,FALSE,Nike Free 5 Flyknit,7.699999809,,0,,58.20000076,68.09999847,4.699999809,-0.149904996
269292971,"1 Feb 2015, 13:15:45","02/01/2015 Harrow, England, United Kingdom",Run,,1373,1373,4.03,4030.100098,,FALSE,Nike Free 5 Flyknit,3.400000095,,0,,50.20000076,67.80000305,2.200000048,-0.188581005
269292981,"28 Feb 2015, 13:54:16","02/28/2015 Wembley, United Kingdom",Run,,5188,4937,6.56,6562.799805,,FALSE,Nike Free 5 Flyknit,1.899999976,,73.40100098,,38,78.5,9,0.283416003
269292991,"13 Mar 2015, 16:56:24","03/13/2015 Bergen, Hordaland, Norway",Run,,1823,1823,4.83,4832.799805,,FALSE,Nike Free 5 Flyknit,3.400000095,,136.5,,18,92.59999847,35.29999924,-0.037245501
280405705,"5 Apr 2015, 10:10:51","04/05/2015 Harrow, England, United Kingdom",Run,,1191,1191,3.37,3371.699951,,FALSE,Nike Free 5 Flyknit,3.200000048,,15.03999996,,50.40000153,68,4.099999905,-0.148293003
385638466,"26 Apr 2015, 10:37:03",Lunch Run,Run,,1733,1722,5.01,5011,,FALSE,Nike Free 5 Flyknit,3.900000095,,13.27999973,,54.09999847,68.59999847,5.699999809,0.029934101
385638477,"9 May 2015, 10:17:48",Lunch Run,Run,,1065,1065,3.23,3236.899902,,FALSE,Nike Free 5 Flyknit,5.900000095,,15.11999989,,50.29999924,68,4,-0.222434998
385638486,"8 Jun 2015, 18:16:17",Evening Run,Run,,1288,1288,3.57,3571.5,,FALSE,Nike Free 5 Flyknit,3.200000048,,0,,58.40000153,65.90000153,1.899999976,-0.134397
385638516,"22 Jun 2015, 18:35:38",Evening Run,Run,,1419,1419,4.01,4010,,FALSE,Nike Free 5 Flyknit,3.299999952,,0,,58.29999924,66,2.5,-0.117206998
385638534,"5 Sep 2015, 18:03:57",Evening Run,Run,,1390,1390,4,4008.5,,FALSE,Nike Free 5 Flyknit,3.5,,15.11670017,,50.40000153,68.80000305,4,0.057378098
396345550,"20 Sep 2015, 10:20:23",Regent's Park Sunday Run,Run,,1811,1811,5.37,5373.299805,,FALSE,Nike Free 5 Flyknit,3.799999952,,12.56000042,,32,45.5,5.599999905,-0.0986358
406349290,"3 Oct 2015, 11:07:14",Lunch Run,Run,,2573,2541,7.19,7197,,FALSE,Nike Free 5 Flyknit,3.5,,10.96000004,,49.70000076,68.09999847,3.700000048,-0.129221007
406351318,"23 Sep 2015, 05:28:15",Morning Run,Run,,1067,1059,3.12,3121.100098,,FALSE,Nike Free 5 Flyknit,4.5,,0,,58.29999924,66.09999847,2,0.0801
406351367,"26 Sep 2015, 10:24:34",Lunch Run,Run,,1681,1681,5.02,5028.299805,,FALSE,Nike Free 5 Flyknit,3.700000048,,14.84000015,,50.09999847,67.5,3.900000095,-0.101425998
406351412,"28 Sep 2015, 05:37:08",Morning Run,Run,,772,772,2.51,2509.600098,,FALSE,Nike Free 5 Flyknit,3.799999952,,0,,58.29999924,66,1.899999976,0.019923501
407277793,"6 Oct 2015, 05:36:08",Morning Run,Run,,1746,1746,5.01,5009.200195,,FALSE,Nike Free 5 Flyknit,3.700000048,,0,,58.40000153,68,3.400000095,0.0519045
411842796,"10 Oct 2015, 10:59:00",Lunch Run,Run,,2766,2762,8.01,8012.100098,,FALSE,Nike Free 5 Flyknit,3.900000095,,48.36000061,,47,84.09999847,6.699999809,-0.077382997
411845361,"12 Oct 2015, 18:17:57",Evening Run,Run,,1849,1838,5.11,5115.600098,,FALSE,Nike Free 5 Flyknit,4.900000095,,16.62000084,,50.29999924,68.90000153,5.199999809,0.087966204
417522535,"16 Oct 2015, 05:27:58",Morning Run,Run,,1724,1724,5.01,5016.100098,,FALSE,Nike Free 5 Flyknit,4.300000191,,0,,58.40000153,66,1.899999976,0.0498395
417524284,"19 Oct 2015, 18:26:26",Evening Run,Run,,2121,2121,6.04,6044.600098,,FALSE,Nike Free 5 Flyknit,3.299999952,,27.36000061,,50.29999924,69,3.099999905,-0.072792202
417679208,"21 Oct 2015, 18:27:32",Evening Run,Run,,1668,1663,5.06,5064.100098,,FALSE,Nike Free 5 Flyknit,3.599999905,,10.30000019,,50.29999924,68.19999695,5,-0.055291198
418588013,"22 Oct 2015, 18:03:13",Evening Run,Run,,3458,2514,5.27,5273,,FALSE,Nike Free 5 Flyknit,4.699999809,,39.52000046,,20.79999924,59.40000153,11.80000019,0.318603992
420197940,"25 Oct 2015, 12:47:39",First 9K... in Hyde Park,Run,,3042,3027,9.1,9107.5,,FALSE,Nike Free 5 Flyknit,4,,22.05999947,,18.10000038,37.70000076,5.400000095,-0.152621001
421600246,"27 Oct 2015, 20:13:09",Evening Run,Run,,1774,1774,5.34,5345.399902,,FALSE,Nike Free 5 Flyknit,4.099999905,,15.15999985,,50.40000153,68.5,5.599999905,0.108505003
422941359,"29 Oct 2015, 18:30:43",Evening Run,Run,,2337,1943,6.01,6014.200195,,FALSE,Nike Free 5 Flyknit,5.300000191,,39.57429886,,20.70000076,59.5,12,0.231120005
428585246,"7 Nov 2015, 09:33:25",First 10K Race,Run,Queen Elizabeth Olympic Park #race,3253,3253,10.05,10049.2998,,FALSE,Nike Free 5 Flyknit,4.199999809,,0,,5.699999809,11.10000038,3.200000048,0.00398038
445682221,"6 Dec 2015, 11:05:45",Lunch Run,Run,,3714,3706,11,11007.7002,,FALSE,Nike Free 5 Flyknit,3.599999905,,25.47999954,,48.5,68,4.800000191,-0.083577901
477819295,"24 Jan 2016, 11:34:32",Lunch Run,Run,,2711,2693,8,8005.600098,,FALSE,Nike Free 5 Flyknit,3.400000095,,11.96000004,,48.70000076,68,4.199999809,-0.082442299
477824044,"2 Jan 2016, 12:16:42",Lunch Run,Run,,1688,1671,5,5006.200195,,FALSE,Nike Free 5 Flyknit,3.5,,14.60000038,,50,67.19999695,3.799999952,-0.121849
477824082,"14 Dec 2015, 18:28:45",Evening Run,Run,,1714,1714,5.12,5119.799805,,FALSE,Nike Free 5 Flyknit,3.700000048,,20.20000076,,50.40000153,69,5.599999905,-0.0156256
560716211,"18 Apr 2016, 18:44:34",Evening Run,Run,,2512,2512,7.14,7145.100098,,FALSE,Nike Free 5 Flyknit,3.900000095,,10.22000027,,50.20000076,69,5.599999905,-0.00419868
560716215,"23 Apr 2016, 09:45:35",Morning Run,Run,,3604,3539,10.05,10049.5,,FALSE,Nike Free 5 Flyknit,4,,62.56000137,,47.09999847,83.40000153,5.5,-0.074630603
560716233,"17 Apr 2016, 09:45:06",Morning Run,Run,,2069,2032,6.09,6092.200195,,FALSE,Nike Free 5 Flyknit,4.300000191,,0,,49.59999847,67.90000153,4.099999905,-0.251141012
560716236,"2 Apr 2016, 11:28:11",Lunch Run,Run,,2011,2011,6.04,6042.600098,,FALSE,Nike Free 5 Flyknit,4.099999905,,26.47999954,,50.29999924,69,4,-0.056267198
560716247,"30 Apr 2016, 07:43:56",Morning Run,Run,,5089,5089,15.09,15097.90039,,FALSE,Nike Free 5 Flyknit,4.099999905,,15.57999992,,48.09999847,68.09999847,4.099999905,-0.094052799
560716250,"26 Apr 2016, 19:31:06",Evening Run,Run,,2087,2087,6.03,6037,,FALSE,Nike Free 5 Flyknit,3.400000095,,18.04330063,,50.20000076,68.90000153,5.599999905,0.106013
560716789,"2 Feb 2016, 18:50:03",Evening Run,Run,,2164,2164,6.1,6099.399902,,FALSE,Nike Free 5 Flyknit,3.700000048,,28.44000053,,50.20000076,69,5.900000095,0.054103699
560716801,"30 Jan 2016, 11:43:42",Lunch Run,Run,,1683,1683,5.29,5291.799805,,FALSE,Nike Free 5 Flyknit,3.700000048,,15.89999962,,50.29999924,67.69999695,4.099999905,-0.00944858
560716807,"7 Feb 2016, 12:17:03",Lunch Run,Run,,3709,3671,10.88,10886.7998,,FALSE,Nike Free 5 Flyknit,7.699999809,,39.68000031,,3,63.59999847,13.5,-0.482235014
560716816,"12 Mar 2016, 11:18:57",Lunch Run,Run,,4862,4859,14.01,14013.59961,,FALSE,Nike Free 5 Flyknit,3.799999952,,26.52669907,,48.09999847,67.80000305,4.400000095,-0.094194204
570011444,"8 May 2016, 08:24:09",Run Hackney Half Marathon 2016,Run,#race,7338,7338,21.25,21250,,FALSE,Adidas Revenge Boost 2M,4.300000191,,33.86000061,,4.900000095,29.39999962,6.5,-0.000470588
570085116,"5 May 2016, 19:14:17",Evening Run,Run,,2047,2047,5.76,5762.799805,,FALSE,Adidas Revenge Boost 2M,5.199999809,,0,,55.20000076,66,3.299999952,-0.117997997
601220662,"10 Nov 2015, 06:35:41",Morning Run,Run,,1697,1697,5.31,5311.100098,,FALSE,Adidas Revenge Boost 2M,5.199999809,,25.28000069,,50.29999924,69,4,-0.073431097
601220675,"16 Nov 2015, 19:38:48",Evening Run,Run,,1746,1746,5.2,5204.799805,,FALSE,Adidas Revenge Boost 2M,5.199999809,,11.02000046,,50.29999924,68.5,5.699999809,0.0134491
601220682,"7 Jun 2016, 05:24:54",Morning Run,Run,,1659,1659,5.26,5265.600098,,FALSE,Adidas Revenge Boost 2M,3.799999952,,0,,58.09999847,68.5,4.099999905,-0.060771801
640330369,"14 Jul 2016, 05:44:17",Morning SuNNy Run,Run,,1361,1320,4.09,4092.100098,,FALSE,Adidas Revenge Boost 2M,4.400000095,,15.59589958,,50.29999924,68,4.699999809,-0.202830002
693525731,"3 Nov 2015, 06:41:56",Morning Run,Run,,1270,1270,4,4008.699951,,FALSE,Adidas Revenge Boost 2M,3.900000095,,0,,58.40000153,66,1.899999976,-0.024945701
693525772,"4 Jul 2016, 10:05:38",Lunch Run,Run,,1707,1707,5.34,5342.100098,,FALSE,Adidas Revenge Boost 2M,4.099999905,,15.60000038,,50.40000153,68,4.099999905,-0.147882
693525798,"17 Aug 2016, 05:14:39",Morning Run,Run,,1640,1640,5.01,5017,,FALSE,Adidas Revenge Boost 2M,3.599999905,,15.56000042,,50.29999924,69,4.199999809,-0.207295001
693525819,"24 Aug 2016, 06:35:01",Morning Run in Madrid,Run,,1891,1749,5.11,5118.5,,FALSE,Nike Free 5 Flyknit,5.800000191,,82.25330353,,728.5,757.2000122,24.20000076,-0.066425703
693525836,"29 Aug 2016, 10:42:03",Lunch Run,Run,,1988,1988,6.15,6155.899902,,FALSE,Adidas Revenge Boost 2M,3.799999952,,26.81999969,,50.09999847,67.30000305,3.5,-0.069851696
703324825,"6 Sep 2016, 19:09:57",Evening Run,Run,,1602,1602,5.05,5050.5,,FALSE,Adidas Revenge Boost 2M,4,,0,,57.70000076,66,2.099999905,-0.091080099
826479249,"8 Jan 2017, 17:24:45",Afternoon Run,Run,,705,705,2.24,2243.800049,,FALSE,Adidas Revenge Boost 2M,3.799999952,,0,,57.90000153,68.59999847,3.299999952,0.294144005
826480452,"7 Jan 2017, 11:27:41",Lunch Run,Run,,1315,1315,4.02,4028.300049,,FALSE,Adidas Revenge Boost 2M,3.700000048,,18.5,,50.20000076,69.19999695,6.900000095,0.00248244
826731038,"9 Jan 2017, 18:04:39",Evening Run,Run,,1038,1038,3.24,3248.399902,,FALSE,Adidas Revenge Boost 2M,3.5,,18.23999977,,50.20000076,69.19999695,6.599999905,-0.107744999
1013399301,"29 Apr 2017, 11:02:08",Lunch Run,Run,,3360,3360,10,10004.7002,,FALSE,Adidas Revenge Boost 2M,4.099999905,,95.68000031,,13.80000019,60.90000153,16.10000038,-0.229892001
1013399325,"13 Apr 2017, 09:13:14",Lunch Run,Run,,1905,1905,6.09,6094.799805,,FALSE,Adidas Revenge Boost 2M,4.099999905,,54.97999954,,69.59999847,94,8.5,-0.103367001
1013399389,"19 Mar 2017, 12:07:55",Lunch Run,Run,,2131,2131,6.58,6588,,FALSE,Adidas Revenge Boost 2M,3.799999952,,19.55999947,,2,11,4.099999905,-0.021250799
1013399453,"4 Mar 2017, 13:16:46",Afternoon Run,Run,,2774,2774,8.33,8335.5,,FALSE,Adidas Revenge Boost 2M,3.700000048,,54.95999908,,49.90000153,68.19999695,6.800000191,-0.097174697
1013399482,"12 Mar 2017, 08:37:41",Morning Run,Run,#longrun,7117,7117,21.19,21192.40039,,FALSE,Adidas Revenge Boost 2M,6.400000095,,224.5800018,,34.90000153,78.5,14.69999981,0.129291996
1013399515,"19 Feb 2017, 11:08:42",Lunch Run,Run,,4792,4792,14.02,14019.5,,FALSE,Adidas Revenge Boost 2M,5.5,,109.663002,,43.29999924,83.90000153,8.100000381,-0.0263918
1013399552,"14 May 2017, 10:39:39",Lunch Run,Run,,1130,1130,2.55,2549.199951,,FALSE,Adidas Revenge Boost 2M,2.599999905,,23.52000046,,58,66.69999695,7.400000095,-0.168679997
1013399561,"5 Feb 2017, 11:49:42",Lunch Run,Run,,3346,3346,10.02,10022,,FALSE,Adidas Revenge Boost 2M,4,,71.80999756,,31.5,62.90000153,12.89999962,-0.197565004
1013399573,"21 May 2017, 08:34:11",Wimbledon Common Half Marathon 2017,Run,#race,7168,7168,20.96,20959.69922,,FALSE,Adidas Revenge Boost 2M,4,,194.6799927,,12.39999962,65.80000305,18,0.000954212
1013399590,"14 May 2017, 09:30:30",Morning Run,Run,,1093,1093,3.51,3512.899902,,FALSE,Adidas Revenge Boost 2M,4.699999809,,18.54000092,,50.29999924,70,4.599999905,0.0284665
1013399635,"7 May 2017, 11:31:03",Lunch Run,Run,,2115,2115,6.54,6543.100098,,FALSE,Adidas Revenge Boost 2M,4.099999905,,43.082901,,50,69.19999695,6.699999809,-0.261343986
1013401112,"22 Jan 2017, 12:37:12",Lunch Run,Run,,2016,2016,6.21,6218.200195,,FALSE,Adidas Revenge Boost 2M,3.900000095,,31.39999962,,50,68.19999695,4.5,-0.223536998
2345939716,"6 May 2019, 08:07:34",Morning Run,Run,,3369,3357,10.19,10196.90039,,FALSE,Adidas Revenge Boost 2M,6.800000191,,25,23,-12.80000019,-5.199999809,31.60000038,0.007845522
2628761902,"16 Aug 2019, 05:34:27",Morning Run,Run,,1769,1764,5.29,5295.899902,180,FALSE,Nike Pegasus 35,4.599999905,,,,4.599999905,7.400000095,2.799999952,-0.032100305
2628771775,"17 Jul 2019, 11:22:49",Lunch Run,Run,,1812,1772,5.02,5024.600098,180,FALSE,Adidas Revenge Boost 2M,3.400000095,,3.900000095,,2.799999952,6.900000095,6.699999809,0.001990208
2628771794,"9 Jul 2019, 04:37:42",Morning Run in Antibes,Run,,3072,2860,7.51,7518.100098,178,FALSE,Nike Pegasus 35,3.599999905,,35.58952332,,-0.699999988,14,50,-0.001330123
2628771872,"22 Jul 2019, 18:20:59",Evening Run,Run,,1882,1868,5.03,5029.299805,176,FALSE,Adidas Revenge Boost 2M,3.700000048,,15.23771954,,3.599999905,12.80000019,7.900000095,0.157079518
2628771987,"6 Aug 2019, 05:24:28",Morning Run,Run,,1738,1688,5.08,5084.200195,173,FALSE,Adidas Revenge Boost 2M,3.599999905,,7.621671677,,3.599999905,9.199999809,13.80000019,-0.019668778
2628772075,"28 Jul 2019, 10:22:51",Woolwich Long Run to O2,Run,#longrun,3878,3870,11.05,11058.7002,176,FALSE,Nike Pegasus 35,3.700000048,,18.87343216,,0.699999988,7.5,13.80000019,0.007234124
2628772388,"11 Aug 2019, 10:04:02",Stratford Long Run,Run,#longrun,5766,5738,16.04,16041.7002,177,FALSE,Nike Pegasus 35,4.199999809,,74.79473877,,3.400000095,16.39999962,37.20000076,0.004987003
2628782113,"19 May 2019, 08:20:57",Hackney Half Marathon 2019,Run,#race,7653,7592,21.11,21114.19922,181,FALSE,Adidas Revenge Boost 2M,3.700000048,,78.77715302,,4.5,24.29999924,14,0.000473615
2628797223,"20 May 2018, 08:12:51",Hackney Half Marathon 2018,Run,#race,7050,7016,21.07,21077.5,178,FALSE,Adidas Revenge Boost 2M,3.900000095,,90.48136139,,3.099999905,21.79999924,21.5,0
2629685234,"18 Aug 2019, 10:49:42",Sunday Long Run in Greenwich,Run,#longrun,7860,7567,20.03,20030,176,FALSE,Nike Pegasus 35,5.400000095,,510,482,0.899999976,7.5,6.400000095,-0.001497753
2637368248,"21 Aug 2019, 05:28:01",Morning Run,Run,,1760,1754,5.36,5360.600098,175,FALSE,Nike Pegasus 35,4.599999905,,123,101,4.199999809,8.699999809,4.800000191,-0.001865463
2643211203,"23 Aug 2019, 05:23:01",Morning Run,Run,,1617,1617,5.1,5103.700195,177,FALSE,Nike Pegasus 35,4.5,,128,98,3.599999905,9.5,3.099999905,-0.007837451
2666684905,"31 Aug 2019, 08:42:02",Morning Run,Run,,1653,1653,5.04,5044.799805,174,FALSE,Nike Pegasus 35,4.400000095,,109,82,2,7,6,0.025769109
2669887462,"1 Sep 2019, 07:38:24",First 25K run,Run,#longrun,9705,9702,25.03,25032.09961,178,FALSE,Nike Pegasus 35,4.400000095,,546,550,-0.300000012,15.39999962,7.099999905,-0.000399487
2685409088,"6 Sep 2019, 18:24:33",Evening Run,Run,,938,938,3.11,3109.5,181,FALSE,Nike Pegasus 35,4.300000191,,50,88,2,7,5.599999905,-0.012863805
2686991868,"7 Sep 2019, 08:17:20",First 28K run,Run,#longrun,10903,10897,28,28008.69922,176,FALSE,Nike Pegasus 35,4,,630,621,0.899999976,15.39999962,7.599999905,-0.001071096
2690427126,"8 Sep 2019, 11:57:08",Lunch recovery run,Run,,1212,1212,3.16,3166.899902,161,FALSE,Nike Pegasus 35,3.400000095,,40,82,3.599999905,7.300000191,5.900000095,0.05999558
2695966073,"10 Sep 2019, 12:07:05",Afternoon Run,Run,,997,993,3.24,3239.100098,179,FALSE,Nike Pegasus 35,4.400000095,,102,112,3.400000095,9.5,6.599999905,0.033960052
2703950212,"13 Sep 2019, 05:41:11",Morning Run,Run,,1638,1638,5.02,5027.399902,166,FALSE,Nike Pegasus 35,4.099999905,,82,82,3.700000048,6.900000095,7.199999809,-0.0019891
2706600402,"14 Sep 2019, 08:02:16",Morning Run,Run,,1021,1017,3.21,3216.399902,172,FALSE,Nike Pegasus 35,6.800000191,,85,110,3.299999952,9.199999809,2.900000095,0.009327198
2710561130,"15 Sep 2019, 08:25:15",First 30K,Run,#longrun,12443,12140,30.16,30161.80078,172,FALSE,Nike Pegasus 35,5.400000095,,1068,1104,1.200000048,9.800000191,15.19999981,0.000994636
2721382260,"19 Sep 2019, 05:30:02",Morning Run,Run,,969,969,3.19,3190.899902,179,FALSE,Nike Pegasus 35,6.199999809,,98,46,3.700000048,6.900000095,4.400000095,0.053276505
2725422829,"20 Sep 2019, 16:22:20",Afternoon Run,Run,,1684,1684,5.1,5105.600098,176,FALSE,Nike Pegasus 35,4.400000095,,131,107,3.700000048,7.099999905,4.300000191,0
2729744981,"21 Sep 2019, 07:14:35",Morning Run,Run,,964,964,3.05,3058.5,163,FALSE,Nike Pegasus 35,5.400000095,,60,53,3.900000095,7,2.799999952,0.016347883
2731484096,"22 Sep 2019, 16:08:50",Afternoon Run,Run,,1461,1461,4.02,4026.100098,163,FALSE,Nike Pegasus 35,4,,86,90,3.799999952,7,4.300000191,-0.012418966
2734093453,"23 Sep 2019, 17:19:45",Evening Run,Run,,3617,3617,10.54,10542,164,FALSE,Nike Pegasus 35,3.200000048,,,,,,0,0
2745463479,"28 Sep 2019, 07:39:22",Short Morning Run,Run,,968,968,3.01,3010,166,FALSE,Nike Pegasus 35,4,,41,68,4.599999905,7,4.400000095,-0.009966778
2748646127,"29 Sep 2019, 08:01:48",Ealing Half Marathon 2019,Run,#race,7054,7054,21.33,21337.5,183,FALSE,Nike LunarEpic Flyknit Shield,4.099999905,,491,500,17.70000076,61.09999847,6.400000095,-0.016403046
2764239129,"5 Oct 2019, 10:21:39","Taper, taper, taper down",Run,,3920,3920,11.02,11020,172,FALSE,Nike Pegasus 35,3.599999905,,216,213,0,7.800000191,7.5,0.003629764
2785217440,"13 Oct 2019, 06:38:05",Bucharest Marathon 2019,Run,First Marathon! #race,16931,16877,42.32,42319.30078,185,FALSE,Nike Pegasus 35,4,,1509,1510,62,92.30000305,12.19999981,0.006380068
2795179690,"17 Oct 2019, 06:55:45",Morning Run,Run,,908,903,3.11,3109.600098,187,FALSE,On Cloudflow,4.300000191,,77,55,3.900000095,6.599999905,4.900000095,-0.016079238
2983405309,"5 Jan 2020, 09:37:50",First 2020 Run #roadtoparis,Run,,1708,1705,5.03,5029.600098,186,FALSE,On Cloudflow,3.799999952,2.949912071,3.24000001,195,4.400000095,7.800000191,4.300000191,0.005964689
3000419867,"11 Jan 2020, 08:44:54",Morning Run,Run,,1297,1297,4.03,4036.899902,184,FALSE,On Cloudflow,4.699999809,3.112490416,4.329999924,110,4.099999905,7,3.700000048,0.029725779
3004580568,"12 Jan 2020, 11:47:58",Sunday Run,Run,,2721,2721,8,8004.399902,184,FALSE,On Cloudflow,4.5,2.941712618,14.30333328,134,1.799999952,9.699999809,6.199999809,0.049972516
3009659383,"14 Jan 2020, 07:07:30",Morning Run,Run,,1672,1672,5.07,5074.899902,178,FALSE,Nike Pegasus 35,4.199999809,3.035227299,4.853333473,137,3.900000095,7,3.900000095,-0.003940965
3015511374,"16 Jan 2020, 07:04:26",Morning Run,Run,,1140,1140,3.51,3509.100098,172,FALSE,On Cloudflow,4.300000191,3.078157902,2.720000029,68,4.099999905,7,3.299999952,-0.017098401
3021652278,"18 Jan 2020, 11:48:55",Saturday Long Run,Run,#longrun,3795,3795,11.01,11012.7998,177,FALSE,On Cloudflow,3.799999952,2.901923656,16.23999977,152,1.799999952,7.800000191,4,0.007264274
3033895059,"22 Jan 2020, 15:58:03",Afternoon Run,Run,5K in the drizzle ,1564,1564,5,5003.100098,174,FALSE,Nike LunarEpic Flyknit Shield,4.800000191,3.198913097,14.44999981,129,1.200000048,8.300000191,14,-0.007995043
3038256857,"24 Jan 2020, 06:39:16",Morning Run,Run,,931,926,3.09,3098.699951,190,FALSE,Nike LunarEpic Flyknit Shield,4.400000095,3.346328259,2.430681705,67,3.900000095,6.699999809,3.200000048,0.041953076
3045232166,"26 Jan 2020, 10:19:33",Morning Long Run,Run,#longrun,4987,4984,14,14005.90039,175,FALSE,Nike LunarEpic Flyknit Shield,5.199999809,2.810172558,27.34749985,516,-0.200000003,8.399999619,6.400000095,0.007139848
3049840104,"28 Jan 2020, 06:28:58",Morning Run,Run,,946,946,3.01,3015.899902,180,FALSE,Nike Pegasus 35,4.199999809,3.188055038,2.150000095,72,4.599999905,7,2.799999952,0.013263039
3058420308,"31 Jan 2020, 06:30:32",Morning Run,Run,,1570,1570,5.02,5021.899902,181,FALSE,Nike Pegasus 35,4.800000191,3.198662519,4.029166698,121,3.900000095,8.5,4,-0.019912781
3065117248,"2 Feb 2020, 11:07:00",Sunday Long Run,Run,#longrun,6064,6057,17.04,17045.5,175,FALSE,Nike LunarEpic Flyknit Shield,5.199999809,2.814182043,35.21456528,355,-0.200000003,8.5,9.800000191,-0.000586665
3072956730,"5 Feb 2020, 06:12:35",Leeds Insomnia Run,Run,First run in Leeds,1546,1533,5.04,5041.899902,184,FALSE,On Cloudflow,8.699999809,3.288910627,25.81023788,285,23.89999962,48.5,19.39999962,-0.130903035
3082231405,"8 Feb 2020, 11:05:58",Saturday Long Run by the river,Run,#longrun,7502,7502,20.02,20021.30078,177,FALSE,On Cloudflow,4.199999809,2.66879487,23.26000023,445,1.799999952,7.800000191,4.099999905,0.001997872
3098898642,"14 Feb 2020, 13:11:10",Afternoon Run,Run,,1502,1502,5,5008.700195,181,FALSE,Nike Pegasus 35,4,3.334686995,2.849999905,60,4.599999905,7.800000191,3.700000048,0.001996526
3115575269,"20 Feb 2020, 06:19:36",Early Morning Run,Run,,1236,1236,4.01,4010.300049,184,FALSE,Nike LunarEpic Flyknit Shield,5.400000095,3.244579315,9.828095436,160,3.5,8.5,5.099999905,0.007480737
3121036281,"22 Feb 2020, 09:13:37",Blustery Morning Run,Run,,960,960,3.19,3193.5,179,FALSE,Nike LunarEpic Flyknit Shield,4.800000191,3.326562405,6.222222328,114,3.900000095,7.900000095,3.900000095,0.015656803
3125427212,"23 Feb 2020, 12:27:46",All-seasons-in-one long run,Run,#longrun,8798,8620,23.07,23071.40039,175,FALSE,Nike LunarEpic Flyknit Shield,7.300000191,2.676496506,78.82785034,1037,-0.200000003,63.29999924,14.10000038,-0.217585415
3138168889,"28 Feb 2020, 06:33:22",Morning Run,Run,,1563,1563,5.1,5108.200195,180,FALSE,Nike Pegasus 35,3.900000095,3.268202066,3.049999952,89,4.199999809,7.800000191,4.199999809,-0.007830547
3145076703,"1 Mar 2020, 11:25:24",Sunny Sunday Long Run,Run,#longrun,9213,9126,25.01,25013.5,183,FALSE,Nike Pegasus 35,7.400000095,2.740905046,97.00460052,992,-2,29.10000038,18.79999924,-0.075559199
3149559908,"3 Mar 2020, 06:21:55",Morning Run,Run,,880,880,3.01,3009.5,181,FALSE,Nike Pegasus 35,5.300000191,3.419886351,6.753333569,105,3.700000048,8.5,3.700000048,-0.006645622
3165110941,"8 Mar 2020, 11:15:38",Sunday Lunch Run,Run,,3350,3348,10.03,10038.7998,174,FALSE,Nike Pegasus 35,5.300000191,2.998446941,21.09000015,206,5.699999809,51.59999847,8.199999809,-0.406423092
3191066368,"17 Mar 2020, 13:34:48",Afternoon Run,Run,First self isolation run,873,873,3.01,3011.699951,192,FALSE,On Cloudflow,4.5,3.449828148,,78,3.799999952,6.800000191,3.799999952,0
3207052831,"22 Mar 2020, 12:56:45",Lunch Run,Run,,1535,1535,5.01,5016,180,FALSE,Nike Pegasus 35,3.799999952,3.267752409,3.190000057,67,3.799999952,7.900000095,3.799999952,0.00199362
3212856345,"24 Mar 2020, 13:12:54",Afternoon Run,Run,,859,854,3.02,3020.399902,190,FALSE,Nike Pegasus 35,4.300000191,3.536768198,2.210000038,84,3.700000048,6.900000095,4.5,0.023175739
3223465223,"27 Mar 2020, 12:57:49",Lunch Run,Run,,1523,1523,5.01,5014.100098,186,FALSE,Nike Pegasus 35,4,3.292252064,4.835555553,65,3.700000048,7.5,7.400000095,0.001994376
3237931020,"31 Mar 2020, 11:58:13",Lunch Run,Run,,941,941,3.01,3016.600098,192,FALSE,Nike Pegasus 35,5,3.205738544,4.393333435,103,3.799999952,8.800000191,2.599999905,-0.029834913
3245803399,"2 Apr 2020, 12:16:05",Afternoon Run,Run,,1550,1547,5.02,5027.200195,182,FALSE,Nike Pegasus 35,4,3.249644518,2.530909061,76,3.700000048,7.400000095,4.099999905,-0.011935073
3266073040,"7 Apr 2020, 11:50:32",Lunch Run,Run,,997,991,3.3,3306,184,FALSE,Nike Pegasus 35,4.5,3.336024284,,88,3.700000048,6.900000095,3,-0.060496069
3276283791,"9 Apr 2020, 16:34:19",Afternoon Run by the river,Run,,1818,1818,5.5,5500.799805,177,FALSE,On Cloudflow,4.5,3.025742531,,132,3.700000048,7.5,2.700000048,-0.032722514
3297338743,"14 Apr 2020, 12:11:43",Afternoon Run,Run,,901,899,3.04,3045.5,189,FALSE,On Cloudflow,4,3.387652874,,37,4.300000191,6.800000191,3.400000095,0.006567066
3325742563,"20 Apr 2020, 12:01:49",Afternoon Run,Run,,893,893,3.01,3013,184,FALSE,On Cloudflow,4.199999809,3.3740201,,31,4.300000191,6.699999809,3.200000048,0.006637902
3335463751,"22 Apr 2020, 11:49:00",Lunch Run,Run,,1549,1546,5.02,5025.799805,185,FALSE,On Cloudflow,3.900000095,3.250840902,2.339999914,118,4.800000191,7.199999809,3.599999905,0.001989733
3349150819,"25 Apr 2020, 08:02:32",Morning Run,Run,,1610,1605,5.03,5029.700195,182,FALSE,Nike Pegasus 35,4.400000095,3.133769512,4.675714493,93,4.300000191,7.199999809,8.300000191,0
3359721894,"27 Apr 2020, 05:56:39",Morning Run,Run,,931,931,3.09,3097.100098,188,FALSE,Nike Pegasus 35,6.099999905,3.326637983,,56,3.900000095,6.800000191,3.200000048,0.032288268
3373791638,"30 Apr 2020, 05:35:55",Morning Run,Run,,886,886,3.02,3021.399902,188,FALSE,Nike Pegasus 35,4.300000191,3.410157919,2.012727261,98,4,6.800000191,2.900000095,-0.016548621
3409240559,"6 May 2020, 17:21:10",Evening Run,Run,,1926,1926,6.01,6013.899902,178,FALSE,Nike Pegasus 35,4.199999809,3.122481823,2.097222328,122,4.800000191,7.199999809,2.900000095,0.01496533
3545270635,"1 Jun 2020, 05:40:15",Morning Run,Run,,1279,1276,4.03,4033,185,FALSE,Nike Pegasus 35,3.700000048,3.16065836,2.279999971,55,4.300000191,7.199999809,3.200000048,0.004959087
3596227019,"11 Jun 2020, 05:38:47",Morning Run,Run,,914,914,3.02,3019.399902,189,FALSE,Nike Pegasus 35,4.099999905,3.303501129,0,47,4.800000191,6.400000095,2.799999952,0.003311916
3618082565,"15 Jun 2020, 11:50:46",Lunch Run,Run,,1262,1262,4.02,4020.300049,188,FALSE,Nike Pegasus 35,4.400000095,3.18565774,10.2966671,77,3.299999952,9.699999809,9.5,0
3681700467,"28 Jun 2020, 07:19:36",Morning Run,Run,,1781,1781,5.52,5520.899902,186,FALSE,Nike Pegasus 35,3.599999905,3.099887609,4.79333353,69,4.699999809,7.699999809,2.799999952,0
3691218071,"30 Jun 2020, 05:39:31",Morning Run,Run,,916,902,3.01,3017.100098,186,FALSE,Nike Pegasus 35,5.800000191,3.344900131,4.32285738,120,3.700000048,9.300000191,5.800000191,-0.019886646
3760513984,"14 Jul 2020, 11:44:19",Lunch Run,Run,,1636,1629,5.01,5011.899902,181,FALSE,Nike Pegasus 35,3.700000048,3.076672792,2.394545555,84,4.699999809,7.699999809,3.099999905,0.005985754
3791504263,"20 Jul 2020, 17:18:05",Evening Run,Run,,1628,1628,5.01,5009.299805,178,FALSE,Nike Pegasus 35,5.699999809,3.07696557,7.226666451,141,3.099999905,9,6.400000095,-0.007985148
3818215616,"24 Jul 2020, 11:55:38",Lunch Run,Run,,958,958,3.01,3016.800049,183,FALSE,On Cloudflow,4.800000191,3.149060488,5.139999866,145,3.799999952,10,6.5,0.013259082
3841749212,"31 Jul 2020, 05:35:03",Morning Run,Run,,1578,1575,5,5008.700195,182,FALSE,On Cloudflow,4.300000191,3.180126905,2.920000076,114,4.400000095,7.699999809,2.200000048,-0.017968735
3857800907,"3 Aug 2020, 12:03:19",Afternoon Run,Run,,886,886,3.01,3014.800049,186,FALSE,Nike Pegasus 35,4.599999905,3.402708769,0,43,4.699999809,6.900000095,2.799999952,0.00331697
3920082443,"16 Aug 2020, 07:40:07",Morning Run,Run,,1778,1778,5.55,5551.399902,187,FALSE,On Cloudflow,4,3.122272253,4.659523964,121,4.900000095,7.699999809,2.400000095,0
3934278233,"19 Aug 2020, 05:54:01",Morning Run,Run,,1018,1018,3.3,3303.300049,182,FALSE,Nike Pegasus 35,6.199999809,3.244891882,7.597619057,94,3.099999905,9.300000191,4.699999809,0.012109103
3953013147,"23 Aug 2020, 08:28:14",Sunday Morning Run,Run,,1936,1936,6.01,6014.100098,184,FALSE,On Cloudflow,5.099999905,3.106456518,4.819047451,91,4.800000191,7.699999809,2.900000095,0.001662759
4034262835,"9 Sep 2020, 11:48:55",Lunch Run,Run,,912,912,3.01,3017.100098,189,FALSE,On Cloudflow,3.900000095,3.308223724,0,38,4.699999809,6.900000095,3.299999952,-0.003314441
4066736188,"16 Sep 2020, 05:37:51",Morning Run,Run,,999,999,3.1,3104.5,182,FALSE,On Cloudflow,3.799999952,3.107607603,0,55,4.5,6.900000095,2.900000095,0
4215552374,"19 Oct 2020, 12:13:59",Afternoon Run,Run,,938,938,3.01,3010.800049,192,FALSE,Nike Pegasus 35,4.199999809,3.209808111,0,48,4.900000095,6.800000191,3,0.009964129
4245789959,"26 Oct 2020, 12:33:31",Lunch Run,Run,,1608,1608,5.01,5011.5,188,FALSE,Nike Pegasus 35,3.799999952,3.116604567,0,141,4.300000191,6.900000095,2.200000048,0
4254139120,"28 Oct 2020, 12:32:55",Lunch Run,Run,,924,924,3,3008.199951,187,FALSE,On Cloudflow,5.400000095,3.255627632,4.619999886,129,4.099999905,9.600000381,4.199999809,-0.026593976
4280157989,"3 Nov 2020, 12:47:50",Lunch Run,Run,,900,900,3,3007.199951,186,FALSE,Nike Pegasus 35,4.5,3.341333389,0,76,4.300000191,6.599999905,2.099999905,0
4331493698,"13 Nov 2020, 13:18:01",Afternoon Run,Run,,1096,1096,3.51,3515,188,FALSE,Nike Pegasus 35,3.900000095,3.207116842,2.619999886,69,4.199999809,6.900000095,2.400000095,0.014224751
4345881195,"16 Nov 2020, 12:44:01",Lunch Run,Run,,898,898,3.02,3019.300049,205,FALSE,Nike Pegasus 35,5.400000095,3.362249374,4.728571415,87,4.199999809,9.199999809,1.899999976,0.003312026
4415585025,"1 Dec 2020, 12:01:38",Lunch Run,Run,,1299,1299,4.01,4014.399902,194,FALSE,On Cloudflow,3.900000095,3.090377331,0,89,4.300000191,6.900000095,2.200000048,0
4437129811,"6 Dec 2020, 11:51:18",Lunch Run,Run,,1634,1634,5,5006.799805,185,FALSE,Nike Pegasus 35,3.700000048,3.064136982,0,97,5.099999905,6.900000095,2.400000095,0.001997284
4445692883,"8 Dec 2020, 12:44:06",Lunch Run,Run,,949,949,3.01,3017.300049,184,FALSE,Nike Pegasus 35,4.199999809,3.179451942,8.773333549,95,3.799999952,9.199999809,5.800000191,0.033142213
4471008541,"14 Dec 2020, 12:25:31",Lunch Run,Run,,935,935,3.02,3022.600098,193,FALSE,Nike Pegasus 35,4.699999809,3.232727289,2.225714207,109,4.099999905,7.199999809,5.800000191,-0.033084098
4514754337,"25 Dec 2020, 08:36:25",Christmas Morning Run,Run,Merry Christmas everyone! :) ,1950,1950,6.01,6018.399902,184,FALSE,Nike Pegasus 35,3.900000095,3.086359024,0,107,4.199999809,6.900000095,2.099999905,-0.003323142
4576305840,"6 Jan 2021, 12:44:14",Lunch Run,Run,,932,932,3.01,3013.300049,192,FALSE,Nike Pegasus 35,4.199999809,3.233154535,2.299999952,66,4.199999809,6.599999905,2.299999952,0.009955863
4586588891,"8 Jan 2021, 12:49:49",Lunch Run,Run,,1630,1630,5.01,5014.299805,186,FALSE,Nike Pegasus 35,4,3.076257706,2.526666641,119,4.300000191,6.900000095,2.799999952,-0.001994296
4603293973,"11 Jan 2021, 12:51:29",Lunch Run,Run,,928,928,3.01,3018.699951,182,FALSE,Nike Pegasus 35,4.099999905,3.252909422,0,102,5,6.599999905,2.700000048,0.006625369
4640964312,"18 Jan 2021, 12:54:09",Lunch Run,Run,,890,890,3.02,3022.399902,186,FALSE,Nike Pegasus 35,6.300000191,3.395955086,7.679999828,119,4.099999905,10.89999962,10.19999981,-0.016543144
4662011391,"22 Jan 2021, 13:02:21",Afternoon Run,Run,,1575,1575,5.05,5050.399902,185,FALSE,Nike Pegasus 35,3.799999952,3.206603289,0,100,3.799999952,6.900000095,1.399999976,-0.029700618
4678757840,"25 Jan 2021, 13:11:33",Afternoon Run,Run,,917,917,3.02,3022.399902,182,FALSE,Nike Pegasus 35,3.900000095,3.295965195,0,53,5,6.599999905,2.299999952,0.003308629
4785850711,"14 Feb 2021, 12:36:38",Lunch Run,Run,,1665,1665,5.04,5041,183,FALSE,Nike Pegasus 35,4.199999809,3.027627707,0,98,5,6.900000095,1.899999976,-0.003967467
4811724612,"19 Feb 2021, 12:44:39",Lunch Run,Run,,1584,1579,5.02,5021,189,FALSE,Nike Pegasus 35,4.5,3.179860592,4.659999847,113,4.300000191,6.900000095,2.599999905,0.007966541
4847198431,"25 Feb 2021, 12:48:06",Lunch Run,Run,,1579,1575,5.01,5016.399902,188,FALSE,On Cloudflow,4.099999905,3.185015917,2.339999914,79,4.199999809,6.900000095,3.5,-0.001993462
4871240622,"1 Mar 2021, 12:54:59",Lunch Run,Run,,1014,1014,3.3,3301.600098,180,FALSE,Nike Pegasus 35,4.199999809,3.256015778,2.279999971,83,4.199999809,6.599999905,2.799999952,-0.021201842
4888666698,"4 Mar 2021, 12:51:50",Lunch Run,Run,,929,929,3.11,3114.199951,186,FALSE,Nike Pegasus 35,4.5,3.352206707,7.539999962,54,4.5,8.699999809,5,-0.01284439
4990182404,"22 Mar 2021, 12:55:54",Lunch Run,Run,,924,924,3.03,3029.100098,182,FALSE,On Cloudflow,3.900000095,3.278246641,2.190000057,83,4.300000191,6.599999905,2.700000048,0.003301311
5001973691,"24 Mar 2021, 12:57:04",Lunch Run,Run,,1526,1523,5.01,5010.200195,184,FALSE,Nike Pegasus 35,6,3.289691448,7.936666489,249,3.799999952,8.399999619,5.300000191,-0.015967427
5030486894,"29 Mar 2021, 11:10:56",Lunch Run,Run,,1022,1022,3.5,3505.899902,184,FALSE,On Cloudflow,7.199999809,3.430430412,7.21999979,59,4.199999809,11.89999962,10.80000019,-0.019966342
5084259889,"7 Apr 2021, 11:44:22",Lunch Run,Run,,1058,1058,3.5,3501.899902,187,FALSE,On Cloudflow,3.900000095,3.309924364,0,50,4.199999809,6.900000095,2.200000048,-0.025700334
5113318243,"12 Apr 2021, 11:23:41",Lunch Run,Run,,1034,1034,3.51,3516.5,185,FALSE,Nike Pegasus 35,4.099999905,3.400870323,0,87,4.699999809,6.599999905,2.200000048,-0.00853121
5124924186,"14 Apr 2021, 11:37:36",Lunch Run,Run,,1584,1584,5.26,5259.399902,186,FALSE,Nike Pegasus 35,4.400000095,3.320328236,0,99,4.199999809,6.900000095,2,-0.017112218
5154065584,"19 Apr 2021, 11:46:29",Lunch Run,Run,,913,901,3.19,3195.100098,187,FALSE,Nike Pegasus 37 Daily Trainer,4.599999905,3.54617095,2.214999914,88,4.199999809,6.5,4.900000095,-0.006259585
5165913984,"21 Apr 2021, 11:58:31",Lunch Run,Run,,908,897,3.07,3069.800049,188,FALSE,Nike Pegasus 37 Daily Trainer,6.099999905,3.422296524,5.26607132,106,4,8.100000381,4.199999809,-0.013030165
5200967061,"27 Apr 2021, 11:45:31",Lunch Run,Run,,1207,1203,4.09,4089.899902,184,FALSE,Nike Pegasus 37 Daily Trainer,4.099999905,3.39975071,0,96,4.5,6.900000095,2,-0.002445047
5216390658,"30 Apr 2021, 05:39:47",Morning Run,Run,,956,956,3.3,3304.5,181,FALSE,Nike Pegasus 37 Daily Trainer,4.599999905,3.456589937,2.180000067,137,4.599999905,7.199999809,3.900000095,0
5272492753,"10 May 2021, 11:09:11",Lunch Run,Run,,934,934,3.21,3214.399902,183,FALSE,Nike Pegasus 37 Daily Trainer,4.199999809,3.441541672,2.180000067,53,4.199999809,6.599999905,3.900000095,-0.003111
5311642289,"17 May 2021, 11:28:30",Lunch Run,Run,,914,914,3.16,3164.399902,181,FALSE,Nike Pegasus 37 Daily Trainer,4.599999905,3.462144375,0,95,5,6.599999905,2.5,0.003160157
5337316984,"22 May 2021, 08:05:58",Morning Run,Run,,1568,1565,5.14,5148.899902,183,FALSE,Nike Pegasus 37 Daily Trainer,3.799999952,3.29003191,0,161,5,6.900000095,1.799999952,0.017479463
5348271919,"24 May 2021, 05:22:40",Morning Run,Run,,918,918,3.19,3195.100098,186,FALSE,Nike Pegasus 37 Daily Trainer,4.300000191,3.480501175,0,118,4.900000095,6.599999905,2,-0.01251917
5451284420,"11 Jun 2021, 11:45:59",Lunch Run,Run,,912,912,3.12,3124.600098,187,FALSE,Nike Pegasus 37 Daily Trainer,6,3.426096439,0,110,4.199999809,6.599999905,2.299999952,0.00320041
5461169447,"13 Jun 2021, 08:18:15",Morning Run,Run,,1525,1515,5.31,5315,183,FALSE,On Cloudflow,13.10000038,3.508250713,8.420000076,451,0.300000012,6.400000095,12.10000038,-0.005644402
5473431421,"15 Jun 2021, 11:37:57",Lunch Run,Run,,1820,1807,5.6,5606.299805,179,FALSE,Nike Pegasus 37 Daily Trainer,4.699999809,3.102545738,7.947500229,183,3.799999952,8.100000381,4.400000095,-0.012485953
5500779776,"20 Jun 2021, 11:35:31",Lunch Run,Run,,3628,3575,10.19,10191,170,FALSE,On Cloudflow,7,2.85062933,20.32619095,440,-1.100000024,7.099999905,14.5,-0.031400256
5512680912,"22 Jun 2021, 18:24:14",Easy Evening Run,Run,,1810,1810,5.07,5073.899902,158,FALSE,Nike Pegasus 37 Daily Trainer,3.200000048,2.803259611,2.059999943,133,5,7.300000191,1.899999976,0.017737836
5523027990,"24 Jun 2021, 17:15:52",Evening Run,Run,,2443,2443,7.53,7531.700195,181,FALSE,Nike Pegasus 37 Daily Trainer,3.900000095,3.082971811,17.55999947,192,2.200000048,8.699999809,4.5,-0.010621772
5531128581,"26 Jun 2021, 09:46:14",Morning Long Run,Run,#longrun,4692,4680,13.09,13097.40039,180,FALSE,Nike Pegasus 37 Daily Trainer,5.099999905,2.798589706,29.75325012,392,-1.100000024,8.699999809,18.79999924,-0.001527021
5622535421,"13 Jul 2021, 17:45:27",Evening Run,Run,,1506,1503,5.09,5089.299805,182,FALSE,Nike Pegasus 37 Daily Trainer,6.300000191,3.38609457,9.720612526,5.020609856,4.300000191,9.600000381,11.39999962,0.092350617
5622535527,"8 Jul 2021, 17:34:29",Evening Run,Run,,2416,2416,7.29,7292,175,FALSE,Nike Pegasus 37 Daily Trainer,4,3.018211842,2.789473772,2.789469957,4.099999905,6.900000095,6.300000191,0
5622545269,"2 Jul 2021, 06:20:13",Morning Run,Run,,922,922,3.14,3139.100098,181,FALSE,Nike Pegasus 37 Daily Trainer,5.199999809,3.404663801,2.400000095,0.200000003,4.199999809,6.699999809,7,0.070083782
5622545287,"5 Jul 2021, 12:05:52",Afternoon Run,Run,,1207,1207,4.14,4146,182,FALSE,Nike Pegasus 37 Daily Trainer,4.400000095,3.434962749,0,-0.100000001,4.300000191,6.900000095,8.699999809,0.002411963
5632667271,"15 Jul 2021, 17:11:16",Evening Run,Run,,2709,2709,8.27,8270.700195,177,FALSE,Nike Pegasus 37 Daily Trainer,4.599999905,3.053045511,5.34117651,183,3.5,6.900000095,12.89999962,-0.020554487
5683554900,"25 Jul 2021, 09:04:59",Morning Run,Run,,3619,3615,10.77,10778.90039,180,FALSE,Nike Pegasus 37 Daily Trainer,3.799999952,2.981714964,10.39298248,164,4.099999905,7.300000191,4.599999905,0.005566431
5803155296,"16 Aug 2021, 17:24:36",Evening Run,Run,,1605,1600,5.14,5144.899902,181,FALSE,Nike Pegasus 37 Daily Trainer,9.800000191,3.215562582,14.48359489,205,2.799999952,8.600000381,9.100000381,0.00777469
5844625588,"24 Aug 2021, 11:44:12",Lunch Run,Run,,1210,1210,4.17,4177.799805,190,FALSE,Nike Pegasus 37 Daily Trainer,4.199999809,3.452727318,2.243750095,69,4,7.400000095,11.69999981,0.002393604
5924925960,"8 Sep 2021, 06:34:29",Morning Run in Oban,Run,,1039,1032,3.52,3523.899902,194,FALSE,On Cloudflow,4.5,3.414631844,0,72,6.300000191,9.300000191,1.700000048,-0.008513295
5974227346,"17 Sep 2021, 11:47:04",Lunch Run,Run,,931,931,3.05,3053.399902,182,FALSE,Nike Pegasus 37 Daily Trainer,4.199999809,3.279699326,0,53,4,6.599999905,11.10000038,0
5983606948,"19 Sep 2021, 07:35:31",Morning Run,Run,,1568,1568,5.05,5057.100098,182,FALSE,Nike Pegasus 37 Daily Trainer,4.900000095,3.225191355,7.516993523,80,4,9.399999619,10.69999981,0.041525777
6011296427,"24 Sep 2021, 12:36:00",Afternoon Run,Run,,910,910,3.13,3130.399902,189,FALSE,Nike Pegasus 37 Daily Trainer,4.300000191,3.440000057,0,52,4.400000095,6.599999905,3.400000095,0.00319448
6164046469,"25 Oct 2021, 11:37:38",Lunch Run,Run,,908,908,3.08,3086.120117,188,FALSE,Nike Pegasus 37 Daily Trainer,4.12199688,3.398810625,0,61,5,6.599999905,2.657216787,0.003240315
6196746855,"1 Nov 2021, 12:40:07",Lunch Run,Run,,1557,1557,5.02,5027.659668,181,FALSE,Nike Pegasus 37 Daily Trainer,4.091992378,3.229068756,3.325000048,109,3.700000048,7.400000095,11.24561787,-0.031823952
6229073878,"8 Nov 2021, 12:59:39",Lunch Run,Run,,912,912,3.06,3061.939941,180,FALSE,Nike Pegasus 37 Daily Trainer,5.937988281,3.357390404,9.34965229,117,3.700000048,9.5,11.26770878,-0.052254453
6242869622,"11 Nov 2021, 12:43:30",Lunch Run,Run,,1548,1545,5.03,5037.27002,183,FALSE,Nike Pegasus 37 Daily Trainer,4.406005859,3.260369062,2.225882292,105,5,7.400000095,2.969561815,0
6511516489,"12 Jan 2022, 12:39:26",Lunch Run,Run,,936,936,3.04,3040.939941,187,FALSE,Nike Pegasus 37 Daily Trainer,4.760009766,3.248867512,0,59,5,6.599999905,2.873562574,0
6553300513,"20 Jan 2022, 12:42:26",Lunch Run,Run,,1251,1243,4.02,4028.48999,186,FALSE,Nike Pegasus 37 Daily Trainer,4.300024509,3.240941286,2.241176367,66,5,7.400000095,2.973974943,-0.00248232
6562013221,"22 Jan 2022, 09:52:20",Saturday Morning Run in Canary Wharf ,Run,,1567,1560,5.02,5023.660156,186,FALSE,On Cloudflow,5.89804697,3.220294952,10.72097206,284,1.200000048,7.099999905,9.322650909,0
6578825091,"25 Jan 2022, 12:12:37",Lunch Run,Run,,910,910,3.05,3052.089844,181,FALSE,Nike Pegasus 37 Daily Trainer,5.713989258,3.353945017,5.761698723,109,3.700000048,8.899999619,11.60719299,-0.049146652
6594204757,"28 Jan 2022, 12:45:14",Lunch Run,Run,,935,935,3.04,3042.889893,184,FALSE,Nike Pegasus 37 Daily Trainer,4.117968559,3.25442791,2.47647047,34,3.900000095,6.599999905,5.413769722,0.049295243
6624900647,"3 Feb 2022, 12:29:06",Lunch Run,Run,,1400,1400,4.5,4507.590332,181,FALSE,Nike Pegasus 37 Daily Trainer,3.918017626,3.219707251,2.24019599,64,4.400000095,7.400000095,3.009783268,0.015529362
6644904315,"7 Feb 2022, 12:40:53",Lunch Run,Run,,968,968,3.19,3197.610107,181,FALSE,Nike Pegasus 37 Daily Trainer,7.595995903,3.303316116,3.65789485,65,4,7.800000191,13.25080299,-0.040655363
6821458427,"14 Mar 2022, 07:51:21",Dover Morning Run,Run,First run in ages!,1556,1556,5.03,5037.359863,189,FALSE,Nike Pegasus 37 Daily Trainer,4.107958794,3.237377882,30.2285881,73,-1.799999952,8.399999619,19.6300354,0
6860338227,"21 Mar 2022, 18:06:58",Evening Run,Run,,1266,1263,4.03,4035.27002,178,FALSE,Nike Pegasus 37 Daily Trainer,6.518017769,3.194988251,2.090191364,131,3.299999952,5.900000095,2.806376457,-0.039650381
6871267171,"23 Mar 2022, 17:51:32",Afternoon Run,Run,,1620,1616,5.04,5047.339844,179,FALSE,Nike Pegasus 37 Daily Trainer,4.535998344,3.123353958,12.94788456,103,2.099999905,6.699999809,7.568716049,-0.049531039
6892548043,"27 Mar 2022, 16:11:27",Afternoon Run,Run,,1699,1699,5.16,5167.049805,179,FALSE,Nike Pegasus 37 Daily Trainer,4.474023342,3.041229963,13.59721088,143,2,6.599999905,12.44024944,0.063866235
6931342321,"4 Apr 2022, 17:39:04",Evening Run,Run,,1652,1649,5.03,5030.379883,177,FALSE,Nike Pegasus 37 Daily Trainer,4.395996094,3.050564051,18.80416679,135,2.200000048,10.5,8.628960609,0
6950478087,"8 Apr 2022, 17:03:49",Evening Run,Run,,1634,1621,5.03,5029.810059,178,FALSE,Nike Pegasus 37 Daily Trainer,5.345995903,3.102905512,10.88621521,178,-0.100000001,7.199999809,36.80970383,-0.047715519
6974722572,"13 Apr 2022, 11:10:06",Lunch Run,Run,,1585,1579,5.02,5026.639648,184,FALSE,Nike Pegasus 37 Daily Trainer,5.266003609,3.183432341,12.17758083,118,2.400000095,6.099999905,6.359322548,-0.039788011
6989318313,"16 Apr 2022, 07:58:45",Morning Run,Run,,1935,1935,6.02,6028.310059,182,FALSE,Nike Pegasus 37 Daily Trainer,7.210009575,3.115405798,14.14012623,141,2.599999905,6.099999905,20.31833649,0.021564916
7011687121,"20 Apr 2022, 11:09:48",Lunch Run,Run,,918,918,3.11,3116.830078,178,FALSE,Nike Pegasus 37 Daily Trainer,5.338000298,3.39523983,0,99,4.300000191,5.599999905,1.616799593,0.006416776
7040116266,"25 Apr 2022, 18:04:48",Evening Run,Run,,1626,1626,5.13,5131.27002,176,FALSE,Nike Pegasus 37 Daily Trainer,4.92000103,3.155762672,15.85120106,160,2.200000048,6.800000191,7.758616447,0.003897671
7100739118,"7 May 2022, 07:38:56",Morning Paris Run,Run,,1582,1572,5.1,5105.970215,181,FALSE,On Cloudflow,5.238037109,3.248072624,28.02495384,164,43.5,64.09999847,6.82260561,-0.103800058
7294907182,"12 Jun 2022, 08:09:29",Morning Run,Run,,1637,1634,5.13,5138.27002,181,FALSE,Nike Pegasus 37 Daily Trainer,4.589990139,3.144595861,11.66751671,169,0.800000012,6.599999905,5.405387402,-0.003892361
7334318982,"19 Jun 2022, 12:24:51",Afternoon Run,Run,,2441,2437,7.01,7013.159668,172,FALSE,Nike Pegasus 37 Daily Trainer,7.101977348,2.877784014,10.59746552,193,0.800000012,6.599999905,5.376342297,-0.007129454
7349885268,"22 Jun 2022, 11:21:13",Lunch Run,Run,,1241,1241,4.02,4020.960205,182,FALSE,Nike Pegasus 37 Daily Trainer,7.270019531,3.240096807,9.642360687,107,2.099999905,6.099999905,7.246368885,-0.074609049
7360436578,"24 Jun 2022, 11:13:12",Lunch Run,Run,,1621,1617,5.14,5145.699707,181,FALSE,Nike Pegasus 37 Daily Trainer,7.993994236,3.182250977,6.996110916,120,2.200000048,6.599999905,9.717255592,-0.052470997
7476726324,"16 Jul 2022, 08:37:51",Morning Run,Run,,1642,1625,5.02,5027.25,185,FALSE,Nike Pegasus 37 Daily Trainer,4.909960747,3.093692303,6.111805439,187,1.100000024,6.099999905,4.416958332,-0.057685617
7519207367,"24 Jul 2022, 07:34:37",Morning Run,Run,,2416,2413,6.74,6744.260254,176,FALSE,Nike Pegasus 37 Daily Trainer,6.274000645,2.794969082,13.1178093,257,1.299999952,6.099999905,11.58316422,0.004448227
7520746547,"24 Jul 2022, 12:06:25",Afternoon Ride,Ride,,2638,2205,8.42,8428.139648,152,FALSE,Raleigh Foldable,7.154004097,3.822285414,34.36999893,161,1.700000048,24.39999962,41.62601471,0.200518742
7521647817,"24 Jul 2022, 14:41:40",Afternoon Ride,Ride,,2320,1589,6.63,6631.129883,144,FALSE,Raleigh Foldable,8.558996201,4.173146725,11.59212112,182,1.700000048,10.5,9.372139931,-0.037700966
7529570520,"26 Jul 2022, 05:25:51",Morning Run,Run,,2411,2394,6,6004.819824,155,FALSE,Nike Pegasus 37 Daily Trainer,6.735986233,2.508278847,18.79395103,345,2.200000048,6.699999809,8.532400131,0.053290524
7552241865,"30 Jul 2022, 08:02:09",Saturday Long Run ,Run,#longrun,6013,5932,15.21,15209.4502,173,FALSE,Nike Pegasus 37 Daily Trainer,8.907910347,2.563966751,49.69178391,708,2.299999952,18.20000076,30.36250687,0.00328743
7553911293,"30 Jul 2022, 14:06:33",Afternoon Ride,Ride,,2154,1644,4.91,4915.700195,125,FALSE,Raleigh Foldable,5.150000095,2.990085363,4.176018238,142,1.799999952,6.199999809,5.976072311,0.024411578
7557639815,"31 Jul 2022, 08:37:18",Test Run Nike Vaporfly Next% 2,Run,,738,738,2.51,2517.830078,172,FALSE,Nike Vaporfly Next% 2 Vaporfly,5.219995022,3.411693811,6.694975376,100,2,5.900000095,7.822679996,0.115178548
7567983415,"2 Aug 2022, 05:30:34",Morning Tempo Run,Run,,2722,2720,7.19,7189.27002,164,FALSE,Nike Vaporfly Next% 2 Vaporfly,5.004004002,2.64311409,18.71788597,203,2.200000048,6.599999905,7.960208893,-0.027819237
7573981877,"3 Aug 2022, 05:40:31",Morning Endurance Run,Run,,2724,2719,6.73,6738.669922,151,FALSE,Nike Pegasus 37 Daily Trainer,4.487988472,2.478363276,17.33480072,212,2.099999905,6.099999905,7.858551979,0.035615336
7596775699,"7 Aug 2022, 08:34:00",Sunday Long Run in Edinburgh ,Run,#longrun,5759,5672,14.31,14310.20996,173,FALSE,Nike Pegasus 37 Daily Trainer,3.708007813,2.52295661,123.113739,402,33.40000153,80.5,15.42715359,-0.109013081
7601998487,"8 Aug 2022, 08:28:34",Morning Endurance Run,Run,,2502,2436,6.66,6666.370117,173,FALSE,Nike Pegasus 37 Daily Trainer,5.017968655,2.736605167,83.14881134,279,60,100.0999985,24.91686249,-0.0135006
7612842196,"10 Aug 2022, 05:22:44",Morning Progression Run,Run,,2716,2698,7.15,7158.280273,160,FALSE,Nike Vaporfly Next% 2 Vaporfly,5.420000076,2.653180122,17.43123245,233,2.299999952,6.099999905,8.764239311,-0.027939672
7623995238,"12 Aug 2022, 05:20:32",Morning Run,Run,,2900,2865,7.29,7291.600098,158,FALSE,Nike Pegasus 37 Daily Trainer,8.382031441,2.545061111,15.48260784,262,2.200000048,6.599999905,10.08401299,-0.038400352
7629545049,"13 Aug 2022, 06:29:55",Saturday Long Run,Run,#longrun,8197,8094,20.05,20049.91992,172,FALSE,Nike Vaporfly Next% 2 Vaporfly,9.2578125,2.477133751,34.83336258,949,-2.099999905,12.19999981,22.37669182,-0.012468878
7640205192,"15 Aug 2022, 05:28:59",Morning Progression Run,Run,,3010,3000,7.86,7867.100098,162,FALSE,Nike Pegasus 37 Daily Trainer,4.3739748,2.622366667,17.08638191,330,0.800000012,10.10000038,36.41456985,-0.022880096
7651654486,"17 Aug 2022, 05:44:37",Morning Run,Run,,2421,2421,6.02,6028.789551,154,FALSE,Nike Pegasus 37 Daily Trainer,4.782000542,2.49020648,20.05797386,264,2.299999952,6.099999905,7.923856735,0.044785108
7669009357,"20 Aug 2022, 09:12:39",Saturday Long Run To Woolwich and Back,Run,#longrun,9030,9005,22.13,22130.28125,176,FALSE,Nike Pegasus 37 Daily Trainer,4.134008884,2.457554817,84.93495941,692,1.700000048,53.5,11.54995728,-0.014911695
7682240444,"22 Aug 2022, 17:32:12",Evening Run,Run,,2040,2040,5.01,5009.22998,151,FALSE,Nike Pegasus 37 Daily Trainer,5.864013672,2.455504894,9.749322891,170,2.299999952,6.699999809,8.079006195,0.015970519
7690400552,"24 Aug 2022, 05:24:36",Morning Run,Run,,2429,2429,7.51,7511.760254,175,FALSE,Nike Vaporfly Next% 2 Vaporfly,5.589990139,3.092531919,13.70593262,256,0.800000012,6.099999905,8.333333015,0.013312459
7706517064,"27 Aug 2022, 05:37:36",Morning Run,Run,,2468,2464,6.42,6425.359863,150,FALSE,Nike Pegasus 37 Daily Trainer,4.209960938,2.607694864,17.20351982,281,1.799999952,6.099999905,9.756097794,-0.032682993
7727012129,"30 Aug 2022, 18:07:09",Evening Ride,Ride,,1026,914,4.08,4082.929932,118,FALSE,Raleigh Foldable,6.864013672,4.46710062,5.183333397,62,1.799999952,7.199999809,3.902439117,-0.068578206
7734061719,"31 Aug 2022, 17:17:19",Evening Run,Run,,3019,3016,7.68,7685.930176,154,FALSE,Nike Pegasus 37 Daily Trainer,3.652050734,2.548385382,15.33795738,211,2.299999952,6.099999905,7.655493259,-0.007806472
7741554713,"2 Sep 2022, 11:15:27",Lunch Run,Run,,2655,2655,7.01,7012.379883,162,FALSE,Nike Pegasus 37 Daily Trainer,7.459997654,2.641197681,11.16646767,182,1.799999952,6.300000191,5.686406612,0.001426049
7753497561,"4 Sep 2022, 11:05:04",Bucharest Long Run,Run,#longrun,10791,10328,26.51,26513.79883,171,FALSE,Nike Vaporfly Next% 2 Vaporfly,7.338086128,2.56717658,50.00475311,1131,70.59999847,90.19999695,14.63414669,0
7761906335,"6 Sep 2022, 04:13:24",Morning Run in Bucharest ,Run,,3864,3853,10.04,10040.16992,158,FALSE,Nike Vaporfly Next% 2 Vaporfly,4.815997124,2.605805874,7.161921978,338,89.30000305,93,5.988012314,-0.020915981
7773243677,"8 Sep 2022, 05:24:00",Morning Run,Run,,2516,2483,6.54,6545.889648,173,FALSE,Nike Vaporfly Next% 2 Vaporfly,4.833984375,2.636282682,11.41880798,274,81.40000153,89.90000153,14.54545498,-0.010693734
7782801164,"10 Sep 2022, 05:14:04",Saturday Speed Intervals on Track ,Run,,2305,2305,6.34,6340.390137,179,FALSE,Nike Vaporfly Next% 2 Vaporfly,4.614062309,2.750711441,0,281,86.40000153,87.5,2.096427441,0.00157719
7795088329,"12 Sep 2022, 06:16:23",Last Long Run in Bucharest ,Run,#longrun,13143,12313,30.13,30138.29102,175,FALSE,Nike Vaporfly Next% 2 Vaporfly,5.688000679,2.447680473,64.54185486,1320,73.5,93.69999695,12.82051277,-0.055411238
7806474026,"14 Sep 2022, 11:09:07",Lunch Run,Run,,1956,1956,5.07,5072.860352,152,FALSE,Nike Pegasus 37 Daily Trainer,4,2.593486786,11.7192688,169,2.299999952,6.099999905,9.090909004,-0.055195685
7811946754,"15 Sep 2022, 11:21:41",Lunch Run,Run,,2122,2108,6.15,6149.709961,172,FALSE,Nike Pegasus 37 Daily Trainer,6.25,2.917319775,13.19103336,230,2.200000048,6.599999905,5.253976345,0.045530602
7826120813,"18 Sep 2022, 07:27:54",Morning Run,Run,,1927,1924,5.06,5062.939941,157,FALSE,Nike Pegasus 37 Daily Trainer,4.122021675,2.631465673,16.99791718,187,2.299999952,5.699999809,9.523809433,0.0533287
7832291583,"19 Sep 2022, 08:26:18",London Long Run (In Memoriam HM Queen Elizabeth II) ,Run,#longrun,7826,7792,20.51,20518.16992,158,FALSE,Nike Pegasus 37 Daily Trainer,9.225976944,2.633235455,36.36940765,957,1.899999976,13.5,49.42956543,-0.005848474
7857794180,"24 Sep 2022, 07:57:23",Morning Run,Run,,2446,2438,6.55,6558.709961,155,FALSE,Nike Pegasus 37 Daily Trainer,4.026000977,2.690201044,13.39928913,218,0.800000012,6.099999905,8.093440056,0.045740701
7892724641,"1 Oct 2022, 07:14:55",Last Run before the Big Marathon! ,Run,,1521,1510,4.02,4024.209961,158,FALSE,Nike Vaporfly Next% 2 Vaporfly,6.989990234,2.665039539,12.59102726,148,2.200000048,6.599999905,9.083413124,0
7900335346,"2 Oct 2022, 09:35:58",London Marathon 2022,Run,#LondonMarathon #race,16738,16547,42.82,42826.80078,184,FALSE,Nike Vaporfly Next% 2 Vaporfly,9.678750038,2.588191271,118.6278229,1911,0.5,47.90000153,17.08647728,-0.088962987
7919331695,"6 Oct 2022, 07:47:37",Morning Ride,Ride,,2016,1634,7.53,7532.870117,137,TRUE,Brompton Black,9.012011528,4.610079765,18.48761177,112,2,10.30000019,9.090909004,0.027877821
7921742115,"6 Oct 2022, 17:08:49",Evening Ride,Ride,,1979,1338,5.88,5880.930176,119,FALSE,Raleigh Foldable,8.98000145,4.395314217,11.78669834,402,1.799999952,10.5,11.37795353,-0.037409049
7945009659,"11 Oct 2022, 07:24:33",Morning Ride,Ride,,1781,1340,5.74,5745.469727,135,TRUE,Brompton Black,9.228027344,4.287663937,14.92833328,103,1.700000048,10.30000019,5.667971611,0.038291037
7948200717,"11 Oct 2022, 18:42:18",Evening Commute ,Ride,,1452,1291,6.26,6265,134,TRUE,Brompton Black,9.839990616,4.852827072,12.07980728,564,1.799999952,10.5,13.23256874,-0.041500401
7964786655,"15 Oct 2022, 07:33:26",Morning Run,Run,,1622,1622,5.09,5094.159668,173,FALSE,Nike Pegasus 37 Daily Trainer,5.023999214,3.14066577,11.81552315,166,2.299999952,6.099999905,4.794508457,-0.049075805
7980805734,"18 Oct 2022, 07:31:06",Morning Ride,Ride,,1580,1312,5.76,5766.950195,135,TRUE,Brompton Black,12.02597618,4.395541191,15.90487194,114,1.700000048,10.5,6.4562397,0.038148414
7983595055,"18 Oct 2022, 17:30:01",Evening Ride,Ride,,1448,1198,5.82,5822.72998,133,FALSE,Brompton Black,12.06246281,4.860375404,17.98666573,189,-3.900000095,10.5,38.74539948,-0.06354408
8015574977,"25 Oct 2022, 07:32:10",Morning Ride,Ride,,1401,1279,5.86,5865.799805,138,TRUE,Brompton Black,7.925976753,4.586239338,16.06868172,106,1.700000048,10.39999962,6.172924519,0.040915135
8018923305,"25 Oct 2022, 18:43:07",Evening Ride,Ride,,1560,1292,6.24,6244.680176,142,TRUE,Brompton Black,8.072003365,4.833343983,11.99166679,202,1.799999952,10.39999962,7.857481003,-0.056047708
8026666381,"27 Oct 2022, 11:13:20",Lunch Run,Run,,1260,1260,4.02,4027.120117,183,FALSE,Nike Pegasus 37 Daily Trainer,4.906005859,3.196127176,8.618749619,102,2.400000095,5.699999809,5.631539822,0
8090901101,"9 Nov 2022, 08:35:15",Morning Ride,Ride,,1345,1233,5.49,5497.360352,143,FALSE,Raleigh Foldable,11.07998085,4.458524227,12.07586575,190,1.700000048,10.39999962,5.86267519,-0.010914329
8093335070,"9 Nov 2022, 18:02:49",Evening Ride Home ,Ride,,2270,1361,6.48,6481.659668,128,TRUE,Brompton Black,8.565000534,4.762424469,4.599999905,330,1.700000048,6.300000191,11.11231709,-0.046284441
8169302959,"26 Nov 2022, 07:40:17",Morning Run,Run,,1855,1846,5.19,5192.77002,175,FALSE,Nike Pegasus 37 Daily Trainer,6.094042778,2.812984705,12.85849285,268,2,6.699999809,9.777777672,-0.036589336
8180034924,"28 Nov 2022, 08:40:57",Morning Ride,Ride,,1733,1208,5.75,5753.399902,142,FALSE,Brompton Black,9.350000381,4.762748241,13.80966854,135,1.700000048,10.39999962,7.117289543,0.024333438
8181217748,"28 Nov 2022, 18:22:47",Evening Ride,Ride,,1817,1454,6.09,6092.779785,118,FALSE,Brompton Black,9.798235893,4.190357685,10.92766666,277,1.700000048,10.30000019,5.166480541,-0.05908633
8196610744,"2 Dec 2022, 08:16:19",Morning Ride,Ride,,713,691,2.96,2960.280029,131,FALSE,Brompton Black,7.607983589,4.284051895,3.24444437,23,1,6.300000191,5.171300888,-0.047292825
8261767276,"18 Dec 2022, 08:52:12",Morning Run,Run,,1816,1816,5.13,5138.969727,180,FALSE,Nike Pegasus 37 Daily Trainer,4.150000095,2.829829216,14.47793102,175,2.200000048,5.699999809,9.267859459,0.062269289
8284611999,"24 Dec 2022, 08:12:43",Christmas Eve Morning Run,Run,,1808,1808,5.31,5315.839844,184,FALSE,Nike Pegasus 37 Daily Trainer,7.943994045,2.940176964,13.04333305,153,2.200000048,6.699999809,8.354196548,0
8292030255,"26 Dec 2022, 09:15:58",Boxing Day Morning Run,Run,,1836,1830,5.18,5181.590332,173,FALSE,Nike Pegasus 37 Daily Trainer,6.837988377,2.831470013,10.9156599,151,-1.600000024,6.099999905,33.54052353,-0.009649548
8337431247,"4 Jan 2023, 08:40:58",Morning Commute Ride,Ride,,1588,1221,5.54,5541.459961,158,FALSE,Brompton Black,10.48798847,4.538460255,12.10684299,92,1.700000048,10.39999962,9.63254261,-0.003609157
8338611285,"4 Jan 2023, 19:46:06",Evening Commute Ride,Ride,,1173,1059,4.89,4898.040039,145,TRUE,Brompton Black,7.34400034,4.625155926,10.05666637,66,1.700000048,10.5,12.24488735,-0.044915926
8348620968,"6 Jan 2023, 18:01:02",Evening Run,Run,,1940,1936,5.08,5088.390137,174,FALSE,Nike Pegasus 37 Daily Trainer,4.308007717,2.628300667,10.05791473,278,2.200000048,7.099999905,7.843127728,0
8453769926,"26 Jan 2023, 08:38:35",Morning Ride,Ride,,1388,1295,5.97,5972.339844,172,TRUE,Brompton Black,10.24003887,4.611845493,16.31007004,99,1.700000048,10.30000019,25.25738907,0.035162099
8456353973,"26 Jan 2023, 18:15:38",Evening Ride,Ride,,1706,1354,5.77,5772.879883,156,FALSE,Raleigh Foldable,8.87199688,4.2635746,4.694117546,146,1.700000048,6.5,5.808281422,-0.034644753
8475356735,"30 Jan 2023, 08:45:41",Morning Ride,Ride,,1735,1193,5.46,5463.080078,167,TRUE,Brompton Black,11.26401329,4.579279423,11.63461494,132,1.700000048,10.30000019,35.7105484,-0.0237961
8479732940,"30 Jan 2023, 18:34:03",Evening Ride,Ride,,1237,1221,5.88,5883.040039,141,TRUE,Brompton Black,8.707499504,4.818214893,10.95060158,489,1.700000048,10.5,8.2450037,-0.054393645
8480616931,"31 Jan 2023, 08:42:03",Morning Ride,Ride,,1528,1263,5.59,5595.540039,167,TRUE,Brompton Black,9.818066597,4.430356503,11.74833298,107,1.700000048,10.30000019,10.0535078,-0.02323279
8485983156,"31 Jan 2023, 18:34:23",Evening Ride,Ride,,1276,1138,5.39,5395.959961,133,FALSE,Raleigh Foldable,12.5666666,4.741616726,10.34653378,161,1.700000048,10.5,8.38136673,-0.005559715
8491791286,"2 Feb 2023, 08:47:54",Morning Ride,Ride,,1059,778,3.56,3565.790039,163,TRUE,Brompton Black,11.05000019,4.583277702,10.56738091,106,2.700000048,10.30000019,17.07648659,0.047675271
8494615432,"2 Feb 2023, 18:34:11",Evening Ride,Ride,,1964,1251,5.54,5547.810059,135,FALSE,Raleigh Foldable,9.45600605,4.434700489,11.37619019,222,1.700000048,10.5,12.50000763,-0.041457798
8564010555,"15 Feb 2023, 08:44:34",Morning Ride,Ride,,1417,1189,5.78,5785.010254,167,FALSE,Raleigh Foldable,7.724023342,4.865441799,16.39829063,127,1.700000048,10.39999962,40,0.038029321
8569426051,"15 Feb 2023, 18:46:58",Evening Ride,Ride,,1717,1265,5.88,5879.490234,142,FALSE,Raleigh Foldable,8.922400475,4.647818565,11.05606079,140,1.700000048,10.5,8.642991066,-0.071434766
8717051809,"15 Mar 2023, 08:15:29",Morning Ride,Ride,,1455,1397,5.97,5975.330078,167,TRUE,Brompton Black,8.295995712,4.277258396,16.33499146,187,1.700000048,10.30000019,12.25045776,0.045185789
8720349477,"15 Mar 2023, 19:11:22",Evening Ride,Ride,,1839,1654,5.92,5925.120117,133,FALSE,Raleigh Foldable,9.298998833,3.582297564,10.98959446,282,1.700000048,10.5,20.71346664,-0.057382803
8722717479,"16 Mar 2023, 08:29:18",Morning Ride,Ride,,1612,1267,5.47,5470.609863,163,FALSE,Raleigh Foldable,7.506005764,4.31776619,11.43486595,153,1.700000048,10.39999962,45.41019821,-0.018279498
8726186961,"16 Mar 2023, 20:12:15",Evening Ride,Ride,,1314,1190,5.25,5252.989746,155,FALSE,Raleigh Foldable,7.485998631,4.414277077,10.83317375,125,1.700000048,10.5,7.859744549,-0.030458845
8817127783,"2 Apr 2023, 08:02:09",Sunday Morning Run,Run,,1752,1747,5.15,5150.52002,179,FALSE,Nike Pegasus 37 Daily Trainer,5.004004002,2.948208332,14.52081108,178,2.200000048,5.900000095,8.517894745,0.029123273
8829053520,"4 Apr 2023, 07:27:30",Morning Ride,Ride,,1477,1368,6.01,6012.509766,172,TRUE,Brompton Black,9.806055069,4.395109653,15.90263748,166,1.700000048,10.39999962,30.75522041,0.043243174
8832923466,"4 Apr 2023, 18:46:50",Evening Ride,Ride,,2256,1461,5.84,5847.990234,151,TRUE,Brompton Black,9.192001343,4.002731323,10.98210621,257,1.700000048,10.39999962,8.748865128,-0.06155961
8911103543,"18 Apr 2023, 07:35:57",Morning Ride,Ride,,1607,1168,5.33,5332.740234,147,TRUE,Brompton Black,7.994042873,4.565702438,11.90892887,98,1.700000048,10.30000019,21.27792168,-0.033753753
8914196638,"18 Apr 2023, 16:57:35",Afternoon Ride,Ride,,1412,1320,6,6005.560059,134,TRUE,Brompton Black,9.906000137,4.549666882,11.21158695,180,1.700000048,10.5,7.250733852,-0.046623461
8917340609,"19 Apr 2023, 07:43:15",Morning Ride,Ride,,1328,1189,5.3,5299.82959,153,TRUE,Brompton Black,9.174023628,4.457384109,11.84047604,94,1.700000048,10.30000019,6.135016441,-0.0320765
8920871647,"19 Apr 2023, 18:26:49",Evening Ride,Ride,,1534,1291,5.87,5875.890137,145,TRUE,Brompton Black,7.62599802,4.551425457,10.8276186,147,1.700000048,10.39999962,11.26758003,-0.062969185
8944452729,"23 Apr 2023, 16:27:40",Afternoon Run,Run,,1838,1838,5.03,5034.839844,174,FALSE,Nike Pegasus 37 Daily Trainer,5.108007908,2.739303589,13.0285759,145,2.200000048,7.099999905,6.269587517,0.061570976
8952781350,"25 Apr 2023, 07:51:44",Morning Ride,Ride,,1656,1405,5.99,5993.839844,148,TRUE,Brompton Black,7.732031345,4.266077995,16.32354927,123,1.700000048,10.39999962,41.66836166,0.038372729
8955711482,"25 Apr 2023, 17:08:50",Evening Ride,Ride,,1495,1199,5.78,5786.819824,153,TRUE,Brompton Black,9.980005264,4.82637167,12.16538429,337,1.799999952,10.5,7.866286755,-0.027649038
8976325716,"29 Apr 2023, 09:34:12",Morning Ride,Ride,,693,677,3.33,3336.949951,113,FALSE,Brompton Black,8.792004585,4.929025173,3.487878799,137,0.699999988,5.400000095,23.31605911,0.02097724
9018811744,"6 May 2023, 06:13:09",Morning Run,Run,,1758,1749,5.02,5028,181,FALSE,Nike Pegasus 37 Daily Trainer,5.171972752,2.874785662,15.32021236,163,2.099999905,6.599999905,6.694588184,0.06762132
9101477648,"19 May 2023, 16:58:03",Afternoon Run,Run,,1267,1267,3.51,3515.5,172,FALSE,Nike Pegasus 37 Daily Trainer,4.484033108,2.77466464,10.27940178,156,1,7.099999905,32.54179001,0.065424547
9110631302,"21 May 2023, 07:45:21",Morning Run,Run,,1587,1581,5.03,5029.810059,181,FALSE,Nike Pegasus 37 Daily Trainer,10.70798302,3.181410551,4.028484821,199,2.799999952,7.699999809,11.16076279,0.03578664
9148026682,"27 May 2023, 07:33:41",Morning Edinburgh Run,Run,,2022,1984,5.82,5820.849609,176,FALSE,Nike Pegasus 37 Daily Trainer,5.568017483,2.933896065,47.43222046,219,55.90000153,93,15.25263596,-0.012025735
9215336171,"6 Jun 2023, 18:05:08",Evening Ride,Ride,,863,845,2.6,2605.870117,126,FALSE,Raleigh Foldable,6.159999847,3.083869934,2.661538363,128,2,5.5,6.422021866,-0.042212389
9255972631,"13 Jun 2023, 07:35:07",Morning Ride,Ride,,1629,1377,5.78,5779.709961,138,TRUE,Brompton Black,9.118066788,4.197319984,16.05986977,95,1.700000048,10.30000019,14,0.041524578
9435273659,"12 Jul 2023, 06:09:31",Morning Run in Gdynia ,Run,,1208,1177,3.81,3817.169922,181,FALSE,On Cloudflow,13.36000061,3.243134975,7.99444437,159,2.5,8.399999619,10.18673229,0.062873803
9447930202,"14 Jul 2023, 06:47:32",Morning Run in Sopot ,Run,,1376,1372,4.1,4099.169922,180,FALSE,On Cloudflow,4.789990425,2.987733126,2.322727203,79,4.099999905,13.5,7.20072937,-0.217117131
9560409647,"1 Aug 2023, 07:55:24",Morning Ride,Ride,,937,734,3.19,3192.419922,152,FALSE,Brompton Black,9.576001167,4.349346161,11.08538437,74,2.900000095,11.10000038,20.14385033,0.034456618
9565749576,"1 Aug 2023, 17:18:34",Evening Ride,Ride,,2307,1324,5.99,5998.680176,146,FALSE,Brompton Black,9.142041206,4.530725002,10.73571396,199,1.899999976,10.5,11.71457195,-0.0450099
9582983619,"4 Aug 2023, 17:38:55",Evening Run,Run,,1814,1814,5.27,5275.890137,185,FALSE,Nike Pegasus 37 Daily Trainer,5.504000187,2.908428907,16.38491631,179,2.099999905,7.5,7.92876482,0.081502832
9593633687,"6 Aug 2023, 12:35:00",Afternoon Ride,Ride,,702,673,2.35,2350.139893,120,FALSE,Raleigh Foldable,5.447998047,3.492035627,7.853273869,19,1.899999976,7.300000191,3.403661251,0.174457699
9595279726,"6 Aug 2023, 16:25:19",Afternoon Ride,Ride,,1118,950,3.29,3289.550049,125,FALSE,Raleigh Foldable,6.587999821,3.462684155,11.30060482,75,1.899999976,6.5,4.42479372,-0.136796817
9601474361,"7 Aug 2023, 17:39:01",Evening Run,Run,,1211,1211,3.61,3617.069824,175,FALSE,Nike Pegasus 37 Daily Trainer,4.61000967,2.986845493,4.696527958,102,1.899999976,6.099999905,9.469696999,0.052528705
9611324032,"9 Aug 2023, 07:40:59",Morning Ride,Ride,,953,852,3.92,3926.570068,137,TRUE,Brompton Black,9.429980278,4.608650208,10.7228508,97,2.900000095,10.39999962,5.637796402,0.020374017
9614663363,"9 Aug 2023, 16:53:10",Afternoon Ride,Ride,,1583,1411,5.83,5830.040039,132,TRUE,Brompton Black,8.694043159,4.131849766,5.764204502,203,2.200000048,5.800000191,7.177011013,0.013722032
9618105901,"10 Aug 2023, 07:46:08",Morning Ride,Ride,,1364,1321,5.83,5830.950195,134,FALSE,Raleigh Foldable,8.956054688,4.414042473,14.941926,138,2,10.19999981,31.24332619,0.037729699
9621413573,"10 Aug 2023, 17:08:33",Evening Ride,Ride,,1568,1432,6.12,6122.409668,129,TRUE,Brompton Black,8.57399559,4.275425911,6.542613506,155,2.099999905,6.599999905,5.199289322,-0.040833596
9638732215,"13 Aug 2023, 11:28:54",Lunch Ride,Ride,,1186,1061,3.68,3686.929932,117,FALSE,Raleigh Foldable,5.895999908,3.474957466,10.50824165,71,1.899999976,7.199999809,5.366725922,0.122052766
9640579562,"13 Aug 2023, 15:39:08",Afternoon Ride,Ride,,1283,1088,3.3,3302.709961,130,FALSE,Raleigh Foldable,5.481994629,3.035578966,6.186887264,98,1.799999952,6.699999809,3.633718252,-0.133223936
9650354574,"15 Aug 2023, 07:38:57",Morning Ride,Ride,,687,615,2.61,2611.719971,130,FALSE,Raleigh Foldable,6.137988091,4.246699333,4.300000191,26,2,6.599999905,5.056174755,0.042117838
9686650320,"20 Aug 2023, 15:25:13",Afternoon Ride,Ride,,1289,1184,4.02,4021.969971,122,FALSE,Raleigh Foldable,5.187988281,3.396934032,10.71214294,90,1.899999976,6.800000191,5.36192894,0.119344503
9687794019,"20 Aug 2023, 18:25:07",Evening Ride,Ride,,1218,1164,3.62,3625.22998,122,FALSE,Raleigh Foldable,5.609997749,3.114458799,6.176923275,66,1.899999976,7.300000191,3.274389982,-0.126888499
9690085010,"21 Aug 2023, 07:36:46",Morning Ride,Ride,,1637,1320,5.88,5879.119629,140,FALSE,Brompton Black,8.295995712,4.45387888,14.66698265,112,1.899999976,10.30000019,10.98319626,0.042523373
9693336007,"21 Aug 2023, 17:39:54",Evening Ride,Ride,,1555,1335,6.21,6214.919922,129,FALSE,Brompton Black,8.570019722,4.655370712,6.505681992,94,2,6.599999905,5.769284725,-0.035398684
9696613635,"22 Aug 2023, 07:40:45",Morning Ride,Ride,,1566,1367,5.97,5970.399902,136,FALSE,Brompton Black,8.812011719,4.367519855,15.38212109,110,2,10.19999981,11.91566944,0.040198311
9747768457,"30 Aug 2023, 07:48:27",Morning Ride,Ride,,1470,1356,5.58,5586.980469,135,FALSE,Brompton Black,9.032031059,4.120192051,11.45285702,99,2.200000048,10.39999962,6.177629471,-0.016108882
9752883990,"30 Aug 2023, 17:09:20",Evening Ride,Ride,,2373,1413,6.25,6256.060059,134,TRUE,Brompton Black,8.265966415,4.427501678,6.449454308,235,2,6.599999905,5.303147793,-0.054347306
9864894694,"17 Sep 2023, 07:30:50",Morning Run,Run,,1215,1215,3.58,3583.27002,179,FALSE,Nike Pegasus 37 Daily Trainer,5.454003811,2.949193478,10.48046207,97,1.899999976,7.5,9.164962769,0.064187184
9928980089,"27 Sep 2023, 07:48:35",Morning Ride,Ride,,1068,886,3.97,3978.51001,142,TRUE,Brompton Black,9.17001915,4.49041748,10.21724415,69,2.900000095,10.39999962,5.97008419,0.020108031
9934026831,"27 Sep 2023, 16:51:21",Afternoon Ride,Ride,,2729,1365,6.04,6042.100098,131,TRUE,Brompton Black,8.777978897,4.426446915,6.449350834,258,2,6.599999905,6.578947544,-0.056271825
9935356172,"28 Sep 2023, 07:25:39",Morning Ride,Ride,,1201,1027,4.58,4587.02002,138,TRUE,Brompton Black,8.445996284,4.466426373,11.4406929,99,2.200000048,10.30000019,11.49270439,0.045781355
9938686876,"28 Sep 2023, 17:44:10",Evening Ride,Ride,,1366,1277,5.94,5947.089844,133,TRUE,Brompton Black,7.936035156,4.657078743,10.53333378,273,2,10.39999962,31.26717567,-0.06053381
9973526522,"4 Oct 2023, 07:47:00",Morning Ride,Ride,,1481,1332,5.84,5846.580078,137,TRUE,Brompton Black,10.22402382,4.389324188,15.53369141,84,2,10.30000019,23.78629494,0.039339237
9977333078,"4 Oct 2023, 18:44:52",Evening Ride,Ride,,1479,1245,5.83,5837.430176,136,TRUE,Brompton Black,10.31499958,4.688698769,10.7229166,180,1.899999976,10.30000019,8.064499855,-0.056531724
9998080371,"8 Oct 2023, 08:05:32",Morning Run,Run,,1814,1811,5.42,5422.160156,182,FALSE,Nike Pegasus 37 Daily Trainer,8.023999214,2.994014502,17.50834465,152,2.099999905,6,6.890620232,0.055328503
10010801483,"10 Oct 2023, 07:39:09",Morning Ride,Ride,,1603,1310,5.92,5924.77002,144,TRUE,Brompton Black,8.785937309,4.522725105,15.50804234,121,2,10.30000019,16.94662857,0.033756584
10013893526,"10 Oct 2023, 17:00:33",Evening Ride,Ride,,1421,1312,6.07,6073.390137,127,TRUE,Brompton Black,10.14600849,4.629108429,6.333516598,268,2,6.599999905,6.644496918,-0.051042333
10055496189,"17 Oct 2023, 07:37:53",Morning Ride,Ride,,1491,1241,5.76,5768.110352,141,TRUE,Brompton Black,8.981982231,4.64795351,14.40318871,151,2.200000048,10.80000019,19.68834496,0.041608084
10056683766,"17 Oct 2023, 17:41:54",Evening Ride,Ride,,1429,1289,5.82,5819.580078,142,FALSE,Brompton Black,10.06201172,4.514802456,11.30069447,341,1.700000048,10.10000038,26.23912239,-0.049831774
10088619735,"23 Oct 2023, 07:48:16",Morning Ride,Ride,,1434,1187,5.66,5667.640137,137,TRUE,Brompton Black,10.62402344,4.774760246,11.57063484,206,2.200000048,10.80000019,5.686406612,-0.026466042
10091255101,"23 Oct 2023, 16:53:55",Afternoon Ride,Ride,,1287,1166,5.64,5641.350098,146,FALSE,Brompton Black,8.625976563,4.838207722,6.239999771,110,2,6.5,5.232164383,-0.038997758
10123172192,"29 Oct 2023, 08:42:40",Sunday Morning Run,Run,,1712,1712,5.07,5077.620117,178,FALSE,Nike Pegasus 37 Daily Trainer,8.064013481,2.965899467,14.51753426,207,2,7.5,7.759780407,0.047266241
10134780336,"31 Oct 2023, 08:38:57",Morning Ride,Ride,,1521,1316,5.88,5879.450195,143,FALSE,Brompton Black,9.520019531,4.467667103,15.7823019,153,2,10.69999981,6.370140076,0.039119303
10137516475,"31 Oct 2023, 17:33:08",Afternoon Ride,Ride,,1484,1446,6.24,6241.909668,152,FALSE,Brompton Black,8.562002182,4.316673279,4.243750095,148,1.799999952,6.5,5.882240295,-0.038449772
10187148307,"9 Nov 2023, 08:39:06",Morning Ride,Ride,,1466,1363,5.73,5732,153,FALSE,Brompton Black,9.975976944,4.205429077,14.68754578,148,2.200000048,10.69999981,23.8139534,0.040125612
10191574308,"9 Nov 2023, 18:09:15",Evening Ride,Ride,,1009,930,4.21,4215.569824,137,FALSE,Brompton Black,8.264001846,4.53287077,4.237500191,72,1.799999952,6.5,5.774843216,-0.064048283
10215459037,"14 Nov 2023, 08:40:25",Morning Ride,Ride,,956,850,3.81,3817.969971,150,FALSE,Brompton Black,9.343994141,4.491729259,11.02757549,110,2.900000095,10.69999981,5.685379505,0.026191929
10218436074,"14 Nov 2023, 18:29:57",Evening Ride,Ride,,1476,1276,5.83,5836.339844,147,FALSE,Brompton Black,9.064001083,4.573934078,10.70784283,115,2,10.69999981,16.39383698,-0.095950544
10255462100,"21 Nov 2023, 08:43:03",Morning Ride,Ride,,1475,1319,5.94,5940.560059,156,FALSE,Brompton Black,8.552050591,4.503836155,15.61727238,131,2,10.69999981,7.14335537,0.03871689
10258274556,"21 Nov 2023, 18:10:12",Evening Ride,Ride,,1315,1215,5.61,5613.689941,135,FALSE,Brompton Black,8.714014053,4.620320797,6.455757618,2781,1.799999952,6.5,5.66032505,-0.028501753
10362141220,"11 Dec 2023, 08:29:06",Morning Ride,Ride,,891,842,3.39,3392.459961,156,FALSE,Brompton Black,7.451989651,4.029049873,4.697402477,48,0.699999988,5.5,7.292616844,-0.032424849
10387540120,"16 Dec 2023, 08:59:39",Morning Run,Run,,1837,1837,5.15,5158.410156,182,FALSE,Nike Pegasus 37 Daily Trainer,5.102002144,2.808062077,15.02263165,195,2.299999952,5.900000095,5.681814194,0.044587381
10454632906,"29 Dec 2023, 08:34:34",Morning Run,Run,,1226,1226,3.6,3599.290039,178,FALSE,Nike Pegasus 37 Daily Trainer,4.58203125,2.93579936,7.640557289,80,2,5,6.069806099,0.075014792
10484321827,"3 Jan 2024, 09:16:21",Morning Run,Run,,1834,1834,5.21,5216.219727,177,FALSE,Nike Pegasus 37 Daily Trainer,4.045996189,2.844176531,12.46988297,127,2.200000048,5.900000095,4.04583168,0.009585486
10491129512,"4 Jan 2024, 10:27:18",Morning Ride,Ride,,799,751,3.41,3410.52002,141,FALSE,Brompton Black,7.173998833,4.541305065,4.350427151,45,0.899999976,5.300000191,7.789680004,-0.032253146
10503539476,"6 Jan 2024, 09:52:42",Morning Run,Run,,1645,1640,5.04,5048.549805,184,FALSE,Nike Vaporfly Next% 2 Vaporfly,4.755999565,3.078383923,7.173333168,168,2.299999952,5.400000095,6.233314514,-0.0059423
10522763362,"9 Jan 2024, 08:26:38",Morning Ride,Ride,,1480,1343,5.92,5920.27002,145,TRUE,Brompton Black,9.240038872,4.408242702,12.01249981,120,2.299999952,10.69999981,6.167347908,0.037160467
10526775029,"9 Jan 2024, 19:43:55",Evening Ride,Ride,,1872,1177,4.65,4658.689941,150,TRUE,Brompton Black,11.31066704,3.958105326,12.24468899,432,-0.200000003,7.099999905,48.90824509,-0.042930525
10651913401,"29 Jan 2024, 08:00:08",Morning Run,Run,,1013,1013,3.06,3065.850098,183,FALSE,Nike Pegasus 37 Daily Trainer,4.614013672,3.02650547,2.934999943,42,2.099999905,5.400000095,5.719732285,0.026093904
10658795870,"30 Jan 2024, 08:42:36",Morning Ride,Ride,,1562,1325,5.88,5879.75,164,TRUE,Brompton Black,7.70600605,4.437547207,15.34739017,253,2,10.69999981,11.90524673,0.034015052
10663013316,"30 Jan 2024, 19:50:10",Evening Ride,Ride,,1317,1196,6.11,6115.490234,144,FALSE,Brompton Black,13.80400372,5.113286018,14.27450943,290,-5.300000191,6.599999905,45.73165512,-0.053961333
10777841066,"17 Feb 2024, 09:15:32",Morning Ride,Ride,,770,696,3.39,3390.75,147,FALSE,Brompton Black,7.62800312,4.871767044,6.652677536,163,0.899999976,5.300000191,6.685768127,0.0117968
10791954609,"19 Feb 2024, 08:36:58",Morning Ride,Ride,,791,791,3.43,3430.199951,147,FALSE,Brompton Black,6.568017483,4.336535931,4.364999771,39,0.899999976,5.300000191,5.988023758,-0.0320681
10908107993,"7 Mar 2024, 08:42:42",Morning Ride,Ride,,1323,1154,5.4,5407.220215,154,FALSE,Brompton Black,11.3079586,4.685632706,11.62896633,265,2.299999952,10.69999981,15.87596893,-0.029590065
10913563861,"7 Mar 2024, 18:17:09",Evening Ride,Ride,,1608,1448,6.09,6098.569824,137,FALSE,Brompton Black,7.778002739,4.211719513,6.418030262,129,1.899999976,6.599999905,4.474271774,-0.054111049
10963563432,"15 Mar 2024, 10:19:02",Morning Ride,Ride,,807,739,3.45,3449.840088,152,FALSE,Brompton Black,9.939990044,4.668254375,6.747502327,65,0.899999976,5.300000191,5.98205471,0.031885535
10984373097,"18 Mar 2024, 08:35:40",Morning Ride,Ride,,2437,783,3.57,3571.98999,138,FALSE,Brompton Black,6.866003513,4.561928272,5.0090909,56,0.899999976,6,6.960556507,-0.030795161
11047099808,"27 Mar 2024, 08:47:57",Morning Ride,Ride,,1390,1192,5.45,5457.439941,158,FALSE,Brompton Black,9.002001762,4.578389168,11.50259781,116,2.299999952,10.69999981,13.14883327,-0.007329444
11050838163,"27 Mar 2024, 19:07:11",Evening Ride,Ride,,1247,1178,5.33,5332.140137,136,FALSE,Brompton Black,10.42650127,4.526434898,5.902777672,211,2.299999952,6.099999905,5.457149506,-0.015003356
11081120331,"1 Apr 2024, 07:53:52",Easter Monday Morning Run,Run,,1821,1811,5.32,5322.030273,178,FALSE,Nike Pegasus 37 Daily Trainer,6.083984375,2.938724518,11.12935543,213,2.299999952,6.800000191,11.43437195,-0.009394911
11088652430,"2 Apr 2024, 07:51:18",Morning Ride,Ride,,1502,1269,5.48,5483.439941,150,FALSE,Brompton Black,10.59199238,4.321071625,11.57762241,168,2.299999952,10.69999981,6.105838299,-0.009118363
11092081607,"2 Apr 2024, 16:56:56",Afternoon Ride,Ride,,1475,1100,5.01,5017.779785,136,FALSE,Brompton Black,8.257983208,4.561617851,5.869999886,75,2.299999952,6,5.067634583,0.025907872
11155176042,"11 Apr 2024, 07:47:44",Morning Ride,Ride,,1398,1137,5.29,5294.22998,146,FALSE,Brompton Black,10.03403282,4.65631485,11.85787773,96,2.299999952,10.69999981,6.135002136,-0.01699964
11159194784,"11 Apr 2024, 17:59:29",Evening Ride,Ride,,1302,1047,4.67,4674.819824,138,FALSE,Brompton Black,7.868005276,4.464966297,9.650641441,146,2.299999952,10.60000038,8.90412426,0.032086797
11169484035,"13 Apr 2024, 07:36:24",Morning Run,Run,,1753,1637,5.03,5033.699707,179,FALSE,Nike Vaporfly Next% 2 Vaporfly,4.777929783,3.074954033,12.46772289,163,2.700000048,15.30000019,24.85916901,0.007946441
11327048802,"4 May 2024, 06:18:37",Morning Run in Bucharest,Run,,1682,1675,5.01,5014.820313,181,FALSE,On Cloudstratus 3,5.689996243,2.993922472,4.415277958,207,86,91.40000153,2.690606594,-0.001994089
11340060316,"5 May 2024, 15:52:04",Easter Evening Ride in Bucharest,Ride,,3066,2150,8.25,8250.19043,152,FALSE,,6.666015625,3.837297916,17.86544228,126,79.30000305,89.80000305,3.842581749,0.103027925
11352364900,"7 May 2024, 11:39:37",Lunch Run,Run,,972,972,3.04,3046.820068,179,FALSE,On Cloudstratus 3,6.119995117,3.13458848,4.572824001,94,2.299999952,6.800000191,9.385688782,-0.039385326
11431017549,"17 May 2024, 11:45:21",Lunch Run,Run,,1300,1300,4.02,4019.070068,177,FALSE,On Cloudstratus 3,4.806000233,3.091592312,8.125502586,129,2.700000048,6.5,6.986014366,0
11486380460,"24 May 2024, 12:53:37",Afternoon Ride,Ride,,2571,1632,5.04,5047,129,FALSE,Brompton Black,12.72402382,3.092524529,5.419090748,106,0.899999976,7.599999905,6.600596428,-0.093124628
11836705933,"8 Jul 2024, 11:09:22",Lunch Run,Run,,1210,1203,3.66,3667.909912,181,FALSE,On Cloudstratus 3,6.341992378,3.048969269,11.56542206,132,1.799999952,6.599999905,8.728157997,-0.024537135
11991170282,"27 Jul 2024, 07:22:30",Morning Run,Run,,1750,1708,5.08,5087.120117,181,FALSE,On Cloudstratus 3,4.820019722,2.978407383,6.750420094,131,110.6999969,118.0999985,9.984623909,0.017691739
12058691786,"4 Aug 2024, 09:19:35",Morning Run,Run,,1672,1672,5.05,5049.689941,175,FALSE,On Cloudstratus 3,5.012011528,3.020149469,9.38744545,184,1.899999976,6.599999905,13.23827934,-0.003960639
12088668770,"7 Aug 2024, 17:30:34",Evening Run,Run,,1976,1976,5.23,5232.370117,168,FALSE,On Cloudstratus 3,3.997997999,2.647960663,9.349327087,198,1.899999976,6.300000191,5.81865406,0.005733539
12105276813,"9 Aug 2024, 17:16:42",Evening Run,Run,,2360,2360,6.1,6102.959961,161,FALSE,On Cloudstratus 3,4.505999565,2.585999966,3.050434828,353,1,6.599999905,9.499072075,-0.063903421
12117327639,"11 Aug 2024, 07:47:57",Morning Run,Run,,2148,2148,6.03,6033.110352,178,FALSE,On Cloudstratus 3,4.95400095,2.808710575,21.92097473,408,-0.300000012,7.400000095,40.16752625,-0.008287599
12141167556,"13 Aug 2024, 17:20:16",Evening Ride,Ride,,1362,1281,6.02,6026.830078,129,TRUE,Brompton Black,31.05590248,4.704785347,6.212088108,158,1.899999976,5.900000095,4.94228363,0.009955483
12156385889,"15 Aug 2024, 17:30:38",Evening Run - Splits,Run,,2685,2681,7.01,7013.72998,165,FALSE,On Cloudstratus 3,4.28400898,2.616087198,5.971875191,216,2.599999905,6.400000095,5.199289322,0.001425775
12169938623,"17 Aug 2024, 11:03:23",Lunch Run,Run,,2302,2284,6.04,6048.029785,162,FALSE,On Cloudstratus 3,4.125976563,2.647999048,7.423157692,268,1,6.599999905,4.669225216,0.004960293
12207348826,"21 Aug 2024, 17:37:18",Evening Run,Run,,2096,2096,6.04,6047.430176,166,FALSE,On Cloudstratus 3,4.967999458,2.885224342,9.866666794,175,2.599999905,10.30000019,4.665590763,-0.013228759
12261994008,"28 Aug 2024, 07:44:53",Morning Ride,Ride,,1292,1063,4.98,4986.259766,155,FALSE,Brompton Black,10.17397499,4.69074297,11.74666691,69,1.899999976,10.5,7.530045986,0.01604409
12266110491,"28 Aug 2024, 17:11:36",Evening Ride,Ride,,1334,1245,5.39,5395.850098,136,FALSE,Brompton Black,8.126001358,4.334016323,10.05912971,209,1.899999976,10.69999981,8.270646095,0.014826208
12283172017,"30 Aug 2024, 17:20:01",Evening Run,Run,,2258,2258,6.36,6359.75,179,FALSE,On Cloudstratus 3,4.835986137,2.816541195,14.88879395,182,2.099999905,6.599999905,5.73302412,0.009434333
12312738389,"3 Sep 2024, 07:48:00",Morning Ride,Ride,,1530,1294,5.4,5401.109863,144,FALSE,Brompton Black,7.739941597,4.1739645,12.04545498,98,1.899999976,10.69999981,14.28671074,-0.025920598
12317301204,"3 Sep 2024, 17:30:02",Evening Ride,Ride,,1947,1249,5.45,5456.419922,137,FALSE,Brompton Black,10.32999897,4.368630886,10.20315933,235,1.899999976,10.69999981,6.696421146,-0.010996222
12357053102,"8 Sep 2024, 10:22:16",Sunday Lunch Run,Run,,1988,1985,6.06,6064.549805,177,FALSE,Nike Pegasus 37 Daily Trainer,5.367968559,3.055188894,14.55580521,178,2.200000048,6.599999905,6.113432884,-0.008244635
12389790051,"12 Sep 2024, 07:52:33",Morning Ride,Ride,,1462,1242,5.4,5405.310059,149,FALSE,Brompton Black,8.628026962,4.352101326,12.2069931,88,1.899999976,10.69999981,19.23907852,-0.014800261
12393878749,"12 Sep 2024, 17:43:42",Evening Ride,Ride,,1272,1074,5.31,5310.830078,154,FALSE,Brompton Black,11.73399925,4.944907188,10.21912861,155,1.899999976,10.69999981,6.868104458,-0.00376589
12416258938,"15 Sep 2024, 12:16:42",Sunday Afternoon Run,Run,,1673,1670,5.14,5143.299805,176,FALSE,On Cloudstratus 3,4.871972561,3.079820156,3.816666603,195,1.899999976,5.900000095,3.067475557,-0.060272589
12432194037,"17 Sep 2024, 11:42:43",Lunch Run,Run,,1717,1717,5.13,5129.049805,172,FALSE,On Cloudstratus 3,4.918017387,2.987215996,9.72071743,198,2,6.599999905,8.569313049,-0.001949679
12448267275,"19 Sep 2024, 07:51:47",Morning Ride to Work,Ride,,1215,1159,5.3,5303.859863,145,TRUE,Brompton Black,10.42802715,4.576238155,11.39444447,59,1.899999976,10.69999981,8.054146767,-0.02828129
12452971637,"19 Sep 2024, 18:08:50",Evening Ride,Ride,,966,913,4.13,4138.939941,137,FALSE,Brompton Black,10.62200928,4.533340454,7.59318161,90,1.899999976,10.69999981,7.655504704,-0.016912542
12473064171,"22 Sep 2024, 08:06:01",Morning Run,Run,,1957,1950,6.02,6024.899902,175,FALSE,On Cloudstratus 3,6.348001003,3.089692354,13.16644192,165,2.299999952,10.19999981,8.937431335,0.006639114
12489861202,"24 Sep 2024, 07:56:04",Morning Ride,Ride,,1438,1288,5.44,5442.149902,150,FALSE,Brompton Black,9.725976944,4.225271702,12.1395607,90,1.899999976,10.60000038,5.82521534,-0.012862564
12494930747,"24 Sep 2024, 18:55:54",Evening Ride,Ride,,537,477,1.97,1970.710083,127,FALSE,Brompton Black,7.039990425,4.131467819,3.888888836,36,1.899999976,5.900000095,5.60750246,0.111634888
12562522120,"3 Oct 2024, 07:56:10",Morning Ride,Ride,,1031,901,4.12,4121.02002,153,TRUE,Brompton Black,11.55400372,4.573829174,10.86307716,119,2.700000048,10.69999981,5.669694424,0.048531674
12566504535,"3 Oct 2024, 17:07:57",Evening Ride,Ride,,1809,1319,5.55,5551.47998,138,TRUE,Brompton Black,9.864013672,4.208855152,6.978235245,319,1.899999976,6.400000095,22.21258163,0.005403964
12599257466,"7 Oct 2024, 16:50:09",Monday Evening Run,Run,,1828,1824,5.1,5103.72998,179,FALSE,Nike Pegasus 37 Daily Trainer,4.295996189,2.79809761,9.498526573,169,1.899999976,6.599999905,6.815956116,-0.009796756
12654618352,"14 Oct 2024, 16:30:15",Afternoon Run,Run,,1762,1758,5.02,5027.709961,174,FALSE,On Cloudstratus 3,6.612011909,2.859903336,8.989766121,169,2.099999905,6.400000095,5.942260265,-0.015911818
12659067048,"15 Oct 2024, 07:50:16",Morning Ride,Ride,,1450,1196,5.44,5444.009766,149,FALSE,Brompton Black,11.54399395,4.551847458,11.91367531,124,1.899999976,10.69999981,29.42528725,-0.016531931
12663919230,"15 Oct 2024, 18:47:47",Evening Ride,Ride,,1226,1180,5.51,5517.840332,146,FALSE,Brompton Black,10.23000145,4.67613554,6.214935303,238,1.899999976,5.900000095,5.185904026,-0.001812303
12810388505,"3 Nov 2024, 08:32:56",Morning Run,Run,,1318,1318,4.04,4040.600098,179,FALSE,On Cloudstratus 3,6.679999828,3.065705538,8.122514725,97,2.200000048,6.5,5.645161152,-0.017324159
12829714395,"5 Nov 2024, 08:43:06",Morning Ride,Ride,,1328,1221,5.42,5421.700195,147,TRUE,Brompton Black,10.96000004,4.440376759,11.96507931,120,1.700000048,10.60000038,5.737704754,-0.02028884
12833199583,"5 Nov 2024, 19:49:57",Evening Ride,Ride,,1272,1122,5.45,5451.299805,137,TRUE,Brompton Black,10.93999958,4.858556271,6.473333359,93,1.700000048,6.099999905,12.5,-0.001834425
12851657646,"8 Nov 2024, 12:21:45",Lunch Run in Rotherhithe,Run,,1736,1733,5.03,5029,167,FALSE,Nike LunarEpic Flyknit Shield,4.860000134,2.901904106,9.294855118,168,2.299999952,6.300000191,5.147058964,-0.001988467
12867932470,"10 Nov 2024, 12:47:17",Sunday Lunch Run,Run,,2087,2087,6.01,6010.200195,177,FALSE,Nike LunarEpic Flyknit Shield,4.400000095,2.879827499,12.02591991,189,1.899999976,6.5,4.38596487,0
12889679929,"13 Nov 2024, 08:46:34",Morning Ride,Ride,,1260,1245,5.48,5485.799805,149,FALSE,Brompton Black,12.57999992,4.406265259,12.00638485,95,1.700000048,10.80000019,21.73913002,-0.010937329
12894588084,"13 Nov 2024, 17:37:01",Afternoon Ride,Ride,,1420,1305,5.52,5520.600098,147,FALSE,Brompton Black,12.73777771,4.230344772,6.7067976,212,1.700000048,6.099999905,11.11111069,-0.005434192
13035920583,"3 Dec 2024, 08:51:12",Morning Ride,Ride,,1472,1118,5.34,5344.799805,159,FALSE,Brompton Black,9.319999695,4.780679703,11.96388912,82,1.700000048,10.69999981,5.529953957,-0.018709773
13037332257,"3 Dec 2024, 12:46:09",Lunch ride home,Ride,,1206,1126,5.41,5416.5,161,TRUE,Brompton Black,11.4818182,4.810390949,6.377922058,164,1.700000048,5.900000095,5.714285851,-0.003692421
13411908750,"21 Jan 2025, 08:39:14",Morning Ride,Ride,,1510,1215,5.31,5316,156,FALSE,Brompton Black,8.779999733,4.375308514,12.11345005,126,1.700000048,10.69999981,7.874015808,-0.016930023
13416248637,"21 Jan 2025, 18:07:31",Evening Ride,Ride,,1555,1270,5.62,5620.100098,153,FALSE,Brompton Black,17.57999992,4.425275803,11.95625019,321,-3.900000095,5.900000095,18.45018387,0.019572606
13445973666,"25 Jan 2025, 09:12:00",First Run of 2025,Run,,1866,1866,5.3,5303.899902,179,FALSE,Nike Pegasus 35,4.699999809,2.84239006,7.895833492,180,1.899999976,6.5,5.357142925,-0.024510266
13516441605,"2 Feb 2025, 08:59:15",Sunday Morning Run in the cold sun,Run,,1897,1813,5.21,5209.399902,179,FALSE,On Cloudstratus 3,5.260000229,2.873358965,21.26414299,142,2.299999952,17.20000076,21.29629707,0
13606331061,"12 Feb 2025, 08:57:57",Morning Ride,Ride,,1152,1033,4.54,4540.600098,160,FALSE,Brompton Black,7.179999828,4.395546913,3.972727299,115,1.700000048,5.900000095,3.053435087,-0.048451748
13610549519,"12 Feb 2025, 18:11:49",Evening Ride,Ride,,1199,1068,4.51,4509.299805,151,FALSE,Brompton Black,8.899999619,4.222190857,6.167834759,197,1.700000048,5.900000095,5.714285851,0.039917503
13720877618,"25 Feb 2025, 09:00:58",Morning Ride,Ride,,1236,1047,4.61,4613.100098,156,FALSE,Brompton Black,11.35999966,4.406017303,8.484999657,140,1.700000048,10.80000019,5.785123825,-0.045522533
13725582706,"25 Feb 2025, 18:29:48",Evening Ride,Ride,,1181,1034,4.59,4592.700195,139,FALSE,Brompton Black,7.480000019,4.441682816,6.529166698,89,1.700000048,5.900000095,4.90196085,0.04354737
13776673274,"3 Mar 2025, 12:19:21",Lunch Run,Run,,1103,1100,3.16,3167.899902,175,FALSE,On Cloudstratus 3,6.880000114,2.879909039,9.559463501,124,1.899999976,6.599999905,4.90196085,0
13784233835,"4 Mar 2025, 08:56:19",Morning Ride,Ride,,1179,1059,4.56,4565.200195,156,FALSE,Brompton Black,6.920000076,4.310859203,3.983076811,102,1.700000048,5.900000095,20,-0.041619208
13789609701,"4 Mar 2025, 18:54:52",Evening Ride,Ride,,1284,878,4.06,4068.199951,135,FALSE,Brompton Black,9.539999962,4.633485317,4.055555344,171,1.700000048,5.900000095,5.128205299,0.031955164
13803040129,"6 Mar 2025, 08:45:57",Morning Ride,Ride,,1207,1062,4.48,4480.899902,148,FALSE,Brompton Black,9.640000343,4.219303131,8.604545593,69,1.700000048,10.80000019,9.090909004,-0.046865586
13807564165,"6 Mar 2025, 17:55:59",Afternoon Ride,Ride,,952,860,3.81,3811.199951,144,FALSE,Brompton Black,7.840000153,4.43162775,4.032679558,79,1.700000048,5.900000095,7.317073345,0.026238455
13830366162,"9 Mar 2025, 08:54:29",Sunday Morning Run,Run,,2082,1980,5.67,5671.200195,172,FALSE,On Cloudstratus 3,4.820000172,2.864242315,13.49400139,198,0.899999976,14.60000038,17,-0.017632952
13906717129,"17 Mar 2025, 12:12:28",Lunch Run,Run,,1729,1721,5.05,5055.600098,174,FALSE,On Cloudstratus 3,4.420000076,2.937594414,11.4300766,198,1.899999976,6.199999809,6.293706417,0.003956009
13970254655,"24 Mar 2025, 06:03:21",Morning Run with Little Sis,Run,,2792,2642,5.64,5648.100098,164,FALSE,Adidas adizero sl2 m RO Shoes,4.360000134,2.137812376,4.599812031,232,88.5,92.40000153,4.950495243,-0.007082027
13989463194,"26 Mar 2025, 05:50:40",Morning Run with Razvan,Run,,2190,2116,5.18,5185,160,FALSE,Adidas adizero sl2 m RO Shoes,5.900000095,2.45037818,5.931442738,190,88.5,92.59999847,5.128205299,0.005785921
14056125323,"2 Apr 2025, 08:04:44",Morning Ride,Ride,,1162,1044,4.55,4554.600098,140,FALSE,Brompton Black,7.199999809,4.362643719,4.194545269,78,1.700000048,6.300000191,4.20168066,-0.028542573
14097626413,"6 Apr 2025, 12:03:09",Sunday Afternoon Run,Run,,1922,1915,5.35,5358.799805,167,FALSE,On Cloudstratus 3,4.440000057,2.798328876,5.493157864,149,0.899999976,6.199999809,5.042016983,-0.080241844
14134165065,"10 Apr 2025, 07:50:51",Morning Ride,Ride,,1138,1052,4.47,4469.799805,139,FALSE,Brompton Black,7.380000114,4.248859406,3.836363554,99,1.799999952,5.900000095,2.970297098,-0.046981968
14138761682,"10 Apr 2025, 17:12:29",Evening Ride,Ride,,1161,794,3.73,3731.300049,136,FALSE,Brompton Black,8.5,4.699370384,3.947058916,42,1.799999952,6.400000095,6.302521229,0.024120281
14181431929,"15 Apr 2025, 06:22:09",Morning Run in Berlin,Run,,1673,1651,5.08,5084.399902,175,FALSE,Nike Pegasus 35,9.659999847,3.079588175,23.64214134,287,29.39999962,43.29999924,18.40490723,-0.035402406
14219433564,"19 Apr 2025, 06:47:52",Morning Run in Warsaw,Run,,1814,1814,5.27,5278,172,FALSE,Nike Pegasus 35,5.239999771,2.909592152,3,158,108.4000015,112.5999985,6.779661179,-0.001894657
14302031079,"27 Apr 2025, 12:33:39",Afternoon Ride with KB,Ride,,2449,1366,3.39,3396.5,113,FALSE,Raleigh Foldable,6.199999809,2.486456871,6.303412914,71,2.599999905,6.599999905,6.3157897,0
14319335512,"29 Apr 2025, 07:39:07",Morning Ride,Ride,,1505,1215,4.47,4478.899902,134,FALSE,Brompton Black,8.180000305,3.686337471,8.42307663,87,1.799999952,10.69999981,25,-0.044653822
14326303144,"29 Apr 2025, 17:36:55",Evening Ride,Ride,,693,648,2.82,2823.100098,121,FALSE,Brompton Black,6.860000134,4.356635571,3.958823442,40,1.799999952,5.900000095,6.25,0.03896426
14340504482,"1 May 2025, 08:02:09",Morning Commute Ride,Ride,,1165,1118,4.52,4524.700195,133,FALSE,Brompton Black,6.699999809,4.047137737,3.836363554,117,1.799999952,5.900000095,3.968253851,-0.048622008
14360977388,"3 May 2025, 07:03:07",Short Morning Run,Run,,1209,1209,3.55,3556.800049,167,FALSE,On Cloudstratus 3,5.519999981,2.941935539,6.359953403,125,2.299999952,6.300000191,6.521739006,-0.002811516
14412975115,"8 May 2025, 07:59:07",Morning Ride,Ride,,1269,1088,4.58,4587.100098,136,FALSE,Brompton Black,8.06000042,4.21608448,8.446153641,113,1.799999952,10.69999981,14.28571415,-0.047960587
14423197346,"9 May 2025, 08:02:39",Morning Ride,Ride,,1154,1055,4.51,4517.200195,134,FALSE,Brompton Black,7.21999979,4.281706333,3.841666698,104,1.799999952,5.900000095,3.125,-0.039847694
14428912420,"9 May 2025, 15:51:52",Afternoon Ride,Ride,,1068,1021,4.35,4352.700195,134,FALSE,Brompton Black,6.860000134,4.26317358,6.387378216,41,1.700000048,5.599999905,5.882352829,0.020676821
14432792181,"10 May 2025, 08:29:48",Saturday Morning Run,Run,,1910,1828,5.42,5428.200195,178,FALSE,On Cloudstratus 3,6.059999943,2.969474792,7.40884304,177,1.200000048,6.5,8.130081177,-0.020264544
14463979984,"13 May 2025, 07:35:31",Morning Ride,Ride,,1253,1172,4.59,4594.100098,129,FALSE,Brompton Black,8.159999847,3.919880629,8.471428871,112,1.799999952,10.69999981,6.521739006,-0.050064214
14472282649,"13 May 2025, 20:48:52",Night Ride,Ride,,1430,830,3.96,3966.899902,147,FALSE,Brompton Black,9.079999924,4.779397488,32.47160339,81,1.5,15.60000038,26.81564331,0.027729461
14485985679,"15 May 2025, 07:54:03",Morning Commute,Ride,,1295,1079,4.64,4644,144,TRUE,Brompton Black,8.100000381,4.303985119,8.483333588,94,1.799999952,10.69999981,6.293706417,-0.04952627
14530917284,"19 May 2025, 16:36:24",Afternoon Run,Run,,2167,2065,6.04,6048,169,FALSE,On Cloudstratus 3,5.960000038,2.928813457,7.46414566,228,1,6.400000095,13.20754719,0.009920635
14540723254,"20 May 2025, 07:53:53",Morning Ride,Ride,,1684,1105,4.58,4585,136,FALSE,Brompton Black,8.260000229,4.149321079,8.5,175,1.799999952,10.69999981,17.96875,-0.047982551
14558311038,"22 May 2025, 08:21:38",Morning Ride,Ride,,851,560,2.25,2249.800049,150,TRUE,Brompton Black,7.71999979,4.017499924,3.017171621,100,2.700000048,5.800000191,3.030303001,0.004444839
14562549440,"22 May 2025, 16:58:55",Afternoon Ride,Ride,,969,907,4.37,4376.600098,134,TRUE,Brompton Black,8.56000042,4.825358391,6.289743423,71,1.799999952,5.900000095,5.599999905,0.041127816
14577233875,"24 May 2025, 08:04:54",My First Parkrun,Run,,1535,1527,4.98,4983.299805,184,FALSE,Nike Vaporfly Next% 2 Vaporfly,4.900000095,3.263457775,0,83,0.899999976,2.200000048,1.739130378,0
14671537138,"2 Jun 2025, 11:06:55",Lunch Run,Run,,1809,1803,5.55,5552.100098,174,FALSE,On Cloudstratus 3,4.960000038,3.079367638,7.955756664,227,2.200000048,6.5,5.343511581,-0.021613443
14680304732,"3 Jun 2025, 07:55:56",Morning Ride,Ride,,990,950,4.38,4386.399902,140,FALSE,Brompton Black,8.119999886,4.617263317,3.836363554,116,1.799999952,5.900000095,4.347826004,-0.052434798
14685441309,"3 Jun 2025, 16:45:42",Afternoon Ride,Ride,,3009,933,4.25,4252.399902,127,FALSE,Brompton Black,9.859999657,4.557770729,3.599999905,109,2.5,6.099999905,33.33333206,0.016461292
14697432648,"4 Jun 2025, 18:30:56",Cancer Research Race for Life 5K,Run,#race,1515,1443,5.04,5042.899902,186,FALSE,Nike Vaporfly Next% 2 Vaporfly,4.739999771,3.494733095,0,141,2.400000095,3.799999952,1.49253726,0.001982986
14715911342,"6 Jun 2025, 16:39:55",Afternoon Run,Run,,1631,1621,5.01,5009.899902,172,FALSE,On Cloudstratus 3,8.319999695,3.09062314,10.81887245,256,1.700000048,10.19999981,12.54480267,-0.009980239
14734569314,"8 Jun 2025, 13:20:46",Afternoon Ride with KB,Ride,,1294,968,2.65,2653.300049,121,FALSE,Raleigh Foldable,5.440000057,2.741012335,3.786666632,77,2.599999905,6.699999809,7.5,-0.007537783
14743291267,"9 Jun 2025, 11:17:33",Lunch Run,Run,,990,990,3.04,3043.699951,166,FALSE,On Cloudstratus 3,4.579999924,3.074444532,2.016042709,111,4.199999809,6.5,3.546099186,-0.019712849